UnitID,ProductionType,UnitSize,Lat,Lon,Status,DaysInState,DaysLeftInState
1,"E",72,40.5411,-105.182,S,-1,-1
2,"F",18,40.643,-105.098,S,-1,-1
3,"B",44,40.5534,-104.969,S,-1,-1
4,"D",1,40.5162,-105.175,S,-1,-1
5,"D",54,40.4962,-105.121,S,-1,-1
6,"E",80,40.5355,-105.174,S,-1,-1
7,"D",51,40.4867,-105.132,S,-1,-1
8,"C",27,40.481,-105.049,S,-1,-1
9,"F",11,40.6177,-105.086,S,-1,-1
10,"D",52,40.4819,-105.134,S,-1,-1
11,"B",32,40.5529,-105.037,S,-1,-1
12,"F",52,40.6334,-105.136,S,-1,-1
13,"F",35,40.6389,-105.118,S,-1,-1
14,"C",58,40.491,-105.016,S,-1,-1
15,"A",89,40.6142,-105.07,S,-1,-1
16,"C",60,40.5023,-105.025,S,-1,-1
17,"C",99,40.5382,-105.032,S,-1,-1
18,"F",89,40.6115,-105.17,S,-1,-1
19,"F",37,40.613,-105.106,S,-1,-1
20,"E",17,40.5685,-105.112,S,-1,-1
21,"E",68,40.5451,-105.176,S,-1,-1
22,"C",14,40.4924,-105.066,S,-1,-1
23,"D",72,40.5128,-105.096,S,-1,-1
24,"A",39,40.617,-105.021,S,-1,-1
25,"B",6,40.5275,-104.997,S,-1,-1
26,"E",64,40.5488,-105.175,S,-1,-1
27,"B",22,40.5401,-104.997,S,-1,-1
28,"E",54,40.5564,-105.174,S,-1,-1
29,"B",67,40.5643,-105.04,S,-1,-1
30,"D",31,40.5206,-105.123,S,-1,-1
31,"A",97,40.6257,-105.075,S,-1,-1
32,"C",69,40.507,-105.019,S,-1,-1
33,"F",91,40.6087,-105.17,S,-1,-1
34,"B",46,40.5566,-105.003,S,-1,-1
35,"E",47,40.5597,-105.099,S,-1,-1
36,"E",9,40.5908,-105.166,S,-1,-1
37,"E",85,40.5417,-105.137,S,-1,-1
38,"F",75,40.6023,-105.134,S,-1,-1
39,"D",66,40.5144,-105.1,S,-1,-1
40,"F",84,40.5886,-105.125,S,-1,-1
41,"B",65,40.5697,-104.986,S,-1,-1
42,"F",79,40.5631,-105.084,S,-1,-1
43,"B",15,40.5446,-105.03,S,-1,-1
44,"F",79,40.5942,-105.128,S,-1,-1
45,"E",46,40.5605,-105.121,S,-1,-1
46,"E",6,40.5966,-105.174,S,-1,-1
47,"C",45,40.5276,-105.057,S,-1,-1
48,"B",69,40.5732,-104.984,S,-1,-1
49,"A",2,40.601,-104.985,S,-1,-1
50,"A",42,40.6172,-105.024,S,-1,-1
51,"D",42,40.4939,-105.138,S,-1,-1
52,"F",17,40.5714,-105.081,S,-1,-1
53,"D",20,40.4999,-105.165,S,-1,-1
54,"F",85,40.6071,-105.156,S,-1,-1
55,"F",38,40.6377,-105.121,S,-1,-1
56,"B",68,40.5613,-105.063,S,-1,-1
57,"F",39,40.6157,-105.11,S,-1,-1
58,"F",57,40.6333,-105.144,S,-1,-1
59,"D",42,40.499,-105.134,S,-1,-1
60,"D",40,40.5281,-105.108,S,-1,-1
61,"B",30,40.5408,-104.966,S,-1,-1
62,"F",57,40.6279,-105.139,S,-1,-1
63,"B",98,40.5796,-105.029,S,-1,-1
64,"D",95,40.4905,-105.083,S,-1,-1
65,"B",54,40.5624,-104.971,S,-1,-1
66,"D",98,40.5008,-105.08,S,-1,-1
67,"D",37,40.5077,-105.131,S,-1,-1
68,"E",70,40.5408,-105.193,S,-1,-1
69,"D",36,40.5088,-105.131,S,-1,-1
70,"A",95,40.6429,-105.072,S,-1,-1
71,"A",50,40.6143,-105.036,S,-1,-1
72,"B",14,40.5489,-105.045,S,-1,-1
73,"D",28,40.5068,-105.144,S,-1,-1
74,"C",57,40.5019,-105.027,S,-1,-1
75,"E",91,40.5226,-105.183,S,-1,-1
76,"D",45,40.4888,-105.139,S,-1,-1
77,"F",77,40.6154,-105.155,S,-1,-1
78,"D",13,40.5221,-105.141,S,-1,-1
79,"C",35,40.4886,-105.044,S,-1,-1
80,"B",13,40.5446,-105.033,S,-1,-1
81,"A",45,40.5986,-105.044,S,-1,-1
82,"D",89,40.4775,-105.091,S,-1,-1
83,"C",62,40.548,-105.067,S,-1,-1
84,"E",75,40.55,-105.124,S,-1,-1
85,"C",76,40.5559,-105.074,S,-1,-1
86,"D",23,40.5199,-105.132,S,-1,-1
87,"C",40,40.5251,-105.058,S,-1,-1
88,"A",72,40.6253,-105.052,S,-1,-1
89,"B",81,40.5709,-105.032,S,-1,-1
90,"D",95,40.5394,-105.079,S,-1,-1
91,"F",35,40.6366,-105.116,S,-1,-1
92,"A",75,40.6376,-105.051,S,-1,-1
93,"A",34,40.5673,-105.069,S,-1,-1
94,"C",30,40.5444,-105.072,S,-1,-1
95,"D",64,40.5263,-105.096,S,-1,-1
96,"B",79,40.5747,-105.013,S,-1,-1
97,"F",62,40.6121,-105.13,S,-1,-1
98,"C",54,40.5019,-105.03,S,-1,-1
99,"F",95,40.5715,-105.103,S,-1,-1
100,"A",13,40.5968,-105.014,S,-1,-1
101,"B",22,40.5534,-105.053,S,-1,-1
102,"D",41,40.5237,-105.111,S,-1,-1
103,"A",82,40.5878,-105.071,S,-1,-1
104,"F",92,40.5937,-105.143,S,-1,-1
105,"C",54,40.4893,-105.021,S,-1,-1
106,"D",43,40.5034,-105.129,S,-1,-1
107,"E",39,40.5674,-105.17,S,-1,-1
108,"C",92,40.5145,-104.993,S,-1,-1
109,"E",11,40.582,-105.146,S,-1,-1
110,"F",50,40.603,-105.111,S,-1,-1
111,"F",76,40.5966,-105.128,S,-1,-1
112,"A",59,40.5977,-105.055,S,-1,-1
113,"C",88,40.5102,-104.993,S,-1,-1
114,"A",46,40.6266,-105.021,S,-1,-1
115,"F",83,40.6165,-105.167,S,-1,-1
116,"C",19,40.4851,-105.059,S,-1,-1
117,"A",28,40.5941,-105.034,S,-1,-1
118,"E",84,40.5409,-105.142,S,-1,-1
119,"A",58,40.6136,-105.045,S,-1,-1
120,"C",66,40.5105,-105.026,S,-1,-1
121,"E",76,40.5514,-105.115,S,-1,-1
122,"D",11,40.5287,-105.133,S,-1,-1
123,"B",94,40.582,-105.018,S,-1,-1
124,"D",83,40.4881,-105.095,S,-1,-1
125,"E",57,40.5527,-105.195,S,-1,-1
126,"D",96,40.4991,-105.081,S,-1,-1
127,"B",99,40.5966,-104.99,S,-1,-1
128,"A",51,40.6251,-105.029,S,-1,-1
129,"F",89,40.5938,-105.14,S,-1,-1
130,"C",30,40.5341,-105.068,S,-1,-1
131,"D",93,40.4831,-105.086,S,-1,-1
132,"B",71,40.5717,-105.004,S,-1,-1
133,"D",39,40.4887,-105.147,S,-1,-1
134,"C",69,40.5293,-105.044,S,-1,-1
135,"B",55,40.5617,-105.003,S,-1,-1
136,"C",18,40.486,-105.061,S,-1,-1
137,"A",38,40.6153,-105.022,S,-1,-1
138,"E",70,40.5573,-105.09,S,-1,-1
139,"B",61,40.5604,-105.064,S,-1,-1
140,"B",66,40.5722,-104.977,S,-1,-1
141,"E",57,40.5537,-105.187,S,-1,-1
142,"D",55,40.4807,-105.131,S,-1,-1
143,"C",91,40.52,-105.006,S,-1,-1
144,"B",61,40.5664,-104.991,S,-1,-1
145,"A",55,40.6337,-105.027,S,-1,-1
146,"B",58,40.5636,-105.006,S,-1,-1
147,"A",60,40.6281,-105.037,S,-1,-1
148,"B",23,40.5485,-105.032,S,-1,-1
149,"B",72,40.5746,-104.988,S,-1,-1
150,"A",2,40.5857,-105.019,S,-1,-1
151,"D",15,40.5045,-105.168,S,-1,-1
152,"F",67,40.5792,-105.1,S,-1,-1
153,"E",28,40.5748,-105.164,S,-1,-1
154,"C",88,40.5383,-105.042,S,-1,-1
155,"B",66,40.5738,-104.965,S,-1,-1
156,"B",17,40.5442,-105.025,S,-1,-1
157,"E",44,40.5634,-105.157,S,-1,-1
158,"F",12,40.6063,-105.086,S,-1,-1
159,"F",40,40.5954,-105.099,S,-1,-1
160,"F",87,40.6082,-105.16,S,-1,-1
161,"C",33,40.533,-105.066,S,-1,-1
162,"F",3,40.6027,-105.079,S,-1,-1
163,"A",35,40.5974,-105.036,S,-1,-1
164,"E",23,40.5847,-105.189,S,-1,-1
165,"D",8,40.5146,-105.163,S,-1,-1
166,"F",1,40.6295,-105.078,S,-1,-1
167,"C",4,40.5123,-105.076,S,-1,-1
168,"F",79,40.5769,-105.104,S,-1,-1
169,"C",47,40.5091,-105.043,S,-1,-1
170,"E",1,40.5859,-105.14,S,-1,-1
171,"D",11,40.5153,-105.157,S,-1,-1
172,"E",2,40.5712,-105.106,S,-1,-1
173,"C",28,40.5359,-105.069,S,-1,-1
174,"B",58,40.5665,-104.961,S,-1,-1
175,"F",79,40.5904,-105.122,S,-1,-1
176,"B",8,40.5244,-104.985,S,-1,-1
177,"B",82,40.586,-104.975,S,-1,-1
178,"D",54,40.4922,-105.124,S,-1,-1
179,"B",85,40.5737,-105.029,S,-1,-1
180,"C",100,40.5487,-105.054,S,-1,-1
181,"A",49,40.6143,-105.034,S,-1,-1
182,"B",53,40.5602,-105.026,S,-1,-1
183,"B",94,40.5725,-105.043,S,-1,-1
184,"F",52,40.6324,-105.135,S,-1,-1
185,"D",46,40.5299,-105.103,S,-1,-1
186,"D",77,40.491,-105.101,S,-1,-1
187,"A",73,40.637,-105.049,S,-1,-1
188,"A",6,40.6068,-104.982,S,-1,-1
189,"B",50,40.5591,-104.991,S,-1,-1
190,"F",2,40.638,-105.079,S,-1,-1
191,"A",93,40.6387,-105.07,S,-1,-1
192,"F",12,40.6482,-105.092,S,-1,-1
193,"C",85,40.539,-105.045,S,-1,-1
194,"D",95,40.5267,-105.08,S,-1,-1
195,"C",46,40.5091,-105.044,S,-1,-1
196,"F",81,40.6065,-105.149,S,-1,-1
197,"A",69,40.614,-105.054,S,-1,-1
198,"B",24,40.5369,-104.977,S,-1,-1
199,"C",19,40.502,-105.064,S,-1,-1
200,"F",47,40.6254,-105.124,S,-1,-1
201,"B",97,40.5786,-105.03,S,-1,-1
202,"F",84,40.5915,-105.13,S,-1,-1
203,"F",26,40.6105,-105.096,S,-1,-1
204,"B",6,40.5396,-105.028,S,-1,-1
205,"B",8,40.5406,-105.028,S,-1,-1
206,"A",47,40.6097,-105.037,S,-1,-1
207,"C",27,40.501,-105.056,S,-1,-1
208,"D",61,40.4864,-105.12,S,-1,-1
209,"C",12,40.5219,-105.072,S,-1,-1
210,"C",71,40.4935,-104.999,S,-1,-1
211,"C",50,40.5158,-105.046,S,-1,-1
212,"D",25,40.5343,-105.111,S,-1,-1
213,"D",6,40.5141,-105.169,S,-1,-1
214,"C",63,40.4975,-105.016,S,-1,-1
215,"E",100,40.5184,-105.171,S,-1,-1
216,"F",51,40.5921,-105.103,S,-1,-1
217,"C",65,40.5397,-105.057,S,-1,-1
218,"D",2,40.518,-105.17,S,-1,-1
219,"A",63,40.6319,-105.039,S,-1,-1
220,"C",70,40.4923,-104.999,S,-1,-1
221,"B",70,40.5706,-105.007,S,-1,-1
222,"E",56,40.5557,-105.157,S,-1,-1
223,"D",62,40.52,-105.1,S,-1,-1
224,"F",97,40.5893,-105.141,S,-1,-1
225,"C",26,40.513,-105.061,S,-1,-1
226,"B",59,40.5648,-105,S,-1,-1
227,"E",16,40.5859,-105.17,S,-1,-1
228,"F",92,40.6103,-105.175,S,-1,-1
229,"F",77,40.6025,-105.137,S,-1,-1
230,"A",29,40.6176,-105.006,S,-1,-1
231,"C",49,40.5226,-105.051,S,-1,-1
232,"F",53,40.5908,-105.104,S,-1,-1
233,"B",87,40.5859,-104.992,S,-1,-1
234,"D",5,40.5436,-105.11,S,-1,-1
235,"A",39,40.589,-105.049,S,-1,-1
236,"B",79,40.5843,-104.97,S,-1,-1
237,"A",64,40.5859,-105.064,S,-1,-1
238,"A",51,40.5666,-105.073,S,-1,-1
239,"D",79,40.4988,-105.096,S,-1,-1
240,"A",79,40.6144,-105.061,S,-1,-1
241,"B",45,40.5573,-105.033,S,-1,-1
242,"E",22,40.5856,-105.191,S,-1,-1
243,"B",77,40.5813,-104.978,S,-1,-1
244,"D",51,40.4808,-105.136,S,-1,-1
245,"D",76,40.5365,-105.086,S,-1,-1
246,"B",76,40.582,-104.971,S,-1,-1
247,"C",73,40.5353,-105.048,S,-1,-1
248,"A",94,40.6157,-105.073,S,-1,-1
249,"F",53,40.6126,-105.121,S,-1,-1
250,"E",12,40.5914,-105.177,S,-1,-1
251,"B",60,40.5682,-104.962,S,-1,-1
252,"A",12,40.5848,-105.033,S,-1,-1
253,"D",62,40.5371,-105.09,S,-1,-1
254,"F",80,40.6018,-105.14,S,-1,-1
255,"D",66,40.4763,-105.118,S,-1,-1
256,"A",76,40.6147,-105.059,S,-1,-1
257,"B",53,40.5606,-104.996,S,-1,-1
258,"D",42,40.4998,-105.133,S,-1,-1
259,"E",46,40.5621,-105.171,S,-1,-1
260,"B",23,40.5384,-104.989,S,-1,-1
261,"F",3,40.6216,-105.08,S,-1,-1
262,"B",41,40.5527,-104.998,S,-1,-1
263,"B",32,40.5452,-104.987,S,-1,-1
264,"A",41,40.6294,-105.011,S,-1,-1
265,"A",43,40.6091,-105.033,S,-1,-1
266,"A",89,40.6219,-105.069,S,-1,-1
267,"A",44,40.6049,-105.038,S,-1,-1
268,"C",23,40.491,-105.056,S,-1,-1
269,"C",69,40.5038,-105.014,S,-1,-1
270,"F",89,40.594,-105.14,S,-1,-1
271,"F",23,40.631,-105.101,S,-1,-1
272,"F",39,40.6398,-105.123,S,-1,-1
273,"D",14,40.5212,-105.142,S,-1,-1
274,"A",43,40.5875,-105.053,S,-1,-1
275,"A",41,40.607,-105.033,S,-1,-1
276,"F",24,40.6197,-105.097,S,-1,-1
277,"A",6,40.5946,-105.006,S,-1,-1
278,"A",44,40.6064,-105.037,S,-1,-1
279,"B",99,40.5962,-104.991,S,-1,-1
280,"F",42,40.6272,-105.12,S,-1,-1
281,"F",47,40.622,-105.122,S,-1,-1
282,"D",93,40.4835,-105.085,S,-1,-1
283,"C",74,40.5299,-105.04,S,-1,-1
284,"D",88,40.4896,-105.09,S,-1,-1
285,"A",56,40.5799,-105.065,S,-1,-1
286,"B",3,40.533,-105.015,S,-1,-1
287,"A",44,40.584,-105.056,S,-1,-1
288,"F",61,40.6009,-105.119,S,-1,-1
289,"C",36,40.5178,-105.057,S,-1,-1
290,"F",69,40.6198,-105.149,S,-1,-1
291,"E",53,40.5579,-105.142,S,-1,-1
292,"A",13,40.593,-105.02,S,-1,-1
293,"F",52,40.5777,-105.093,S,-1,-1
294,"C",82,40.5297,-105.034,S,-1,-1
295,"D",31,40.5054,-105.141,S,-1,-1
296,"B",48,40.5574,-104.991,S,-1,-1
297,"A",9,40.5943,-105.012,S,-1,-1
298,"C",77,40.5308,-105.039,S,-1,-1
299,"C",72,40.5002,-105.005,S,-1,-1
300,"E",7,40.5855,-105.147,S,-1,-1
301,"A",88,40.6226,-105.068,S,-1,-1
302,"D",66,40.5087,-105.103,S,-1,-1
303,"F",98,40.6043,-105.177,S,-1,-1
304,"C",42,40.5319,-105.062,S,-1,-1
305,"D",31,40.5001,-105.147,S,-1,-1
306,"C",7,40.488,-105.072,S,-1,-1
307,"D",42,40.4919,-105.14,S,-1,-1
308,"E",70,40.5414,-105.187,S,-1,-1
309,"C",50,40.5274,-105.054,S,-1,-1
310,"D",49,40.5193,-105.109,S,-1,-1
311,"B",80,40.5738,-105.018,S,-1,-1
312,"E",7,40.5741,-105.118,S,-1,-1
313,"A",94,40.6329,-105.072,S,-1,-1
314,"F",87,40.6085,-105.161,S,-1,-1
315,"D",29,40.5277,-105.116,S,-1,-1
316,"D",35,40.5222,-105.118,S,-1,-1
317,"F",50,40.6229,-105.126,S,-1,-1
318,"E",89,40.5351,-105.151,S,-1,-1
319,"C",46,40.5126,-105.046,S,-1,-1
320,"F",34,40.619,-105.107,S,-1,-1
321,"E",84,40.5479,-105.117,S,-1,-1
322,"D",27,40.4952,-105.16,S,-1,-1
323,"B",96,40.5797,-105.027,S,-1,-1
324,"E",53,40.5579,-105.141,S,-1,-1
325,"F",13,40.6194,-105.088,S,-1,-1
326,"B",75,40.5812,-104.971,S,-1,-1
327,"F",61,40.6085,-105.126,S,-1,-1
328,"D",19,40.5403,-105.106,S,-1,-1
329,"A",10,40.6098,-104.985,S,-1,-1
330,"D",77,40.49,-105.1,S,-1,-1
331,"D",92,40.4753,-105.088,S,-1,-1
332,"F",30,40.5668,-105.081,S,-1,-1
333,"D",89,40.484,-105.09,S,-1,-1
334,"E",15,40.5875,-105.174,S,-1,-1
335,"E",26,40.5754,-105.159,S,-1,-1
336,"B",45,40.5568,-105.018,S,-1,-1
337,"A",47,40.6285,-105.021,S,-1,-1
338,"A",20,40.5661,-105.068,S,-1,-1
339,"B",47,40.5572,-105.014,S,-1,-1
340,"E",93,40.526,-105.168,S,-1,-1
341,"B",69,40.5704,-105.003,S,-1,-1
342,"A",75,40.6372,-105.051,S,-1,-1
343,"E",94,40.552,-105.097,S,-1,-1
344,"B",19,40.5304,-104.969,S,-1,-1
345,"B",51,40.5593,-105.048,S,-1,-1
346,"E",56,40.5538,-105.191,S,-1,-1
347,"B",15,40.5359,-105.002,S,-1,-1
348,"D",54,40.5107,-105.112,S,-1,-1
349,"E",44,40.5644,-105.182,S,-1,-1
350,"C",38,40.5259,-105.06,S,-1,-1
351,"E",15,40.58,-105.147,S,-1,-1
352,"B",53,40.561,-104.985,S,-1,-1
353,"B",89,40.577,-105.023,S,-1,-1
354,"C",73,40.5131,-105.021,S,-1,-1
355,"A",89,40.6101,-105.071,S,-1,-1
356,"B",72,40.5788,-104.969,S,-1,-1
357,"D",6,40.5121,-105.173,S,-1,-1
358,"B",97,40.5856,-105.014,S,-1,-1
359,"C",99,40.5291,-105.011,S,-1,-1
360,"C",93,40.5406,-105.042,S,-1,-1
361,"F",2,40.6328,-105.079,S,-1,-1
362,"C",3,40.5392,-105.077,S,-1,-1
363,"E",37,40.5661,-105.144,S,-1,-1
364,"A",49,40.5884,-105.055,S,-1,-1
365,"F",50,40.6127,-105.118,S,-1,-1
366,"F",56,40.6234,-105.133,S,-1,-1
367,"B",11,40.5398,-105.021,S,-1,-1
368,"F",91,40.5695,-105.097,S,-1,-1
369,"C",85,40.5065,-104.992,S,-1,-1
370,"F",9,40.6096,-105.084,S,-1,-1
371,"A",7,40.605,-104.988,S,-1,-1
372,"F",94,40.6011,-105.161,S,-1,-1
373,"E",67,40.5445,-105.188,S,-1,-1
374,"A",100,40.5974,-105.078,S,-1,-1
375,"F",8,40.6478,-105.086,S,-1,-1
376,"D",1,40.5223,-105.161,S,-1,-1
377,"A",88,40.6363,-105.065,S,-1,-1
378,"E",30,40.5764,-105.181,S,-1,-1
379,"B",62,40.5696,-104.966,S,-1,-1
380,"A",40,40.597,-105.042,S,-1,-1
381,"E",24,40.5652,-105.105,S,-1,-1
382,"D",37,40.5056,-105.133,S,-1,-1
383,"B",37,40.5524,-105.017,S,-1,-1
384,"D",63,40.5012,-105.109,S,-1,-1
385,"D",28,40.4999,-105.152,S,-1,-1
386,"A",4,40.6024,-104.987,S,-1,-1
387,"B",17,40.5334,-104.988,S,-1,-1
388,"F",27,40.632,-105.105,S,-1,-1
389,"C",43,40.4817,-105.03,S,-1,-1
390,"F",67,40.613,-105.137,S,-1,-1
391,"B",80,40.5703,-105.033,S,-1,-1
392,"C",55,40.5165,-105.042,S,-1,-1
393,"E",47,40.5599,-105.111,S,-1,-1
394,"D",22,40.5252,-105.126,S,-1,-1
395,"D",7,40.5223,-105.151,S,-1,-1
396,"C",87,40.5227,-105.016,S,-1,-1
397,"F",98,40.5725,-105.107,S,-1,-1
398,"C",31,40.5448,-105.072,S,-1,-1
399,"D",100,40.5045,-105.078,S,-1,-1
400,"A",54,40.6009,-105.049,S,-1,-1
401,"B",24,40.5398,-104.99,S,-1,-1
402,"D",40,40.4976,-105.138,S,-1,-1
403,"F",93,40.5976,-105.152,S,-1,-1
404,"E",85,40.5382,-105.149,S,-1,-1
405,"E",63,40.5492,-105.171,S,-1,-1
406,"A",45,40.573,-105.066,S,-1,-1
407,"D",46,40.4936,-105.134,S,-1,-1
408,"F",35,40.6072,-105.102,S,-1,-1
409,"B",25,40.5438,-105.005,S,-1,-1
410,"F",78,40.5842,-105.113,S,-1,-1
411,"E",61,40.5501,-105.183,S,-1,-1
412,"C",46,40.493,-105.033,S,-1,-1
413,"B",74,40.5786,-104.977,S,-1,-1
414,"D",2,40.533,-105.136,S,-1,-1
415,"D",77,40.4954,-105.099,S,-1,-1
416,"B",89,40.5858,-104.997,S,-1,-1
417,"B",79,40.5642,-105.056,S,-1,-1
418,"F",78,40.5703,-105.093,S,-1,-1
419,"A",74,40.6295,-105.052,S,-1,-1
420,"F",89,40.5859,-105.125,S,-1,-1
421,"F",40,40.6316,-105.12,S,-1,-1
422,"E",46,40.5634,-105.189,S,-1,-1
423,"E",17,40.5813,-105.158,S,-1,-1
424,"B",61,40.5667,-104.993,S,-1,-1
425,"E",78,40.5426,-105.15,S,-1,-1
426,"E",60,40.553,-105.158,S,-1,-1
427,"B",86,40.5761,-105.022,S,-1,-1
428,"E",64,40.5492,-105.169,S,-1,-1
429,"C",69,40.536,-105.052,S,-1,-1
430,"D",34,40.5328,-105.107,S,-1,-1
431,"F",21,40.5711,-105.081,S,-1,-1
432,"A",3,40.5942,-105.003,S,-1,-1
433,"A",19,40.597,-105.021,S,-1,-1
434,"D",74,40.4917,-105.103,S,-1,-1
435,"B",85,40.5891,-104.977,S,-1,-1
436,"F",79,40.6013,-105.138,S,-1,-1
437,"F",81,40.5974,-105.135,S,-1,-1
438,"D",5,40.5361,-105.126,S,-1,-1
439,"E",13,40.5856,-105.161,S,-1,-1
440,"D",3,40.5536,-105.09,S,-1,-1
441,"D",31,40.5048,-105.142,S,-1,-1
442,"E",27,40.5792,-105.181,S,-1,-1
443,"B",63,40.5688,-104.986,S,-1,-1
444,"E",3,40.6005,-105.178,S,-1,-1
445,"C",63,40.5136,-105.032,S,-1,-1
446,"C",70,40.5218,-105.034,S,-1,-1
447,"A",59,40.5989,-105.054,S,-1,-1
448,"B",39,40.5522,-105.001,S,-1,-1
449,"D",23,40.54,-105.105,S,-1,-1
450,"F",53,40.573,-105.089,S,-1,-1
451,"B",84,40.5835,-104.993,S,-1,-1
452,"B",44,40.5564,-105.026,S,-1,-1
453,"F",86,40.6063,-105.156,S,-1,-1
454,"F",92,40.6102,-105.174,S,-1,-1
455,"B",37,40.5488,-104.984,S,-1,-1
456,"F",76,40.6217,-105.161,S,-1,-1
457,"A",64,40.6243,-105.044,S,-1,-1
458,"C",65,40.5282,-105.046,S,-1,-1
459,"C",50,40.4953,-105.031,S,-1,-1
460,"F",23,40.6415,-105.103,S,-1,-1
461,"F",33,40.6341,-105.113,S,-1,-1
462,"C",56,40.4859,-105.015,S,-1,-1
463,"E",88,40.5315,-105.166,S,-1,-1
464,"F",3,40.6486,-105.081,S,-1,-1
465,"D",44,40.5279,-105.105,S,-1,-1
466,"B",39,40.5489,-104.967,S,-1,-1
467,"F",64,40.6255,-105.146,S,-1,-1
468,"B",2,40.5264,-105.003,S,-1,-1
469,"C",28,40.5434,-105.072,S,-1,-1
470,"C",45,40.4914,-105.033,S,-1,-1
471,"D",80,40.5398,-105.084,S,-1,-1
472,"F",36,40.6408,-105.12,S,-1,-1
473,"A",89,40.6485,-105.064,S,-1,-1
474,"D",60,40.5315,-105.094,S,-1,-1
475,"C",43,40.5185,-105.053,S,-1,-1
476,"B",33,40.5457,-104.982,S,-1,-1
477,"B",77,40.5731,-105.014,S,-1,-1
478,"E",16,40.5721,-105.123,S,-1,-1
479,"D",97,40.4695,-105.082,S,-1,-1
480,"B",93,40.5715,-105.045,S,-1,-1
481,"F",81,40.6043,-105.146,S,-1,-1
482,"E",29,40.5646,-105.109,S,-1,-1
483,"D",56,40.484,-105.127,S,-1,-1
484,"F",98,40.573,-105.108,S,-1,-1
485,"B",62,40.5629,-105.038,S,-1,-1
486,"C",47,40.5027,-105.039,S,-1,-1
487,"E",53,40.5574,-105.153,S,-1,-1
488,"F",88,40.6133,-105.171,S,-1,-1
489,"C",2,40.5239,-105.078,S,-1,-1
490,"E",74,40.5455,-105.148,S,-1,-1
491,"B",12,40.5336,-105,S,-1,-1
492,"D",94,40.4934,-105.084,S,-1,-1
493,"C",45,40.5139,-105.048,S,-1,-1
494,"E",45,40.5605,-105.107,S,-1,-1
495,"D",30,40.5071,-105.14,S,-1,-1
496,"A",68,40.6331,-105.044,S,-1,-1
497,"A",1,40.5976,-104.991,S,-1,-1
498,"B",52,40.5604,-104.978,S,-1,-1
499,"F",39,40.606,-105.104,S,-1,-1
500,"A",74,40.5778,-105.071,S,-1,-1
501,"A",33,40.581,-105.054,S,-1,-1
502,"C",2,40.5139,-105.078,S,-1,-1
503,"B",44,40.556,-105.012,S,-1,-1
504,"E",77,40.5404,-105.163,S,-1,-1
505,"B",22,40.5446,-105.016,S,-1,-1
506,"A",15,40.6103,-104.994,S,-1,-1
507,"A",88,40.5997,-105.071,S,-1,-1
508,"D",27,40.5035,-105.149,S,-1,-1
509,"E",64,40.5516,-105.145,S,-1,-1
510,"B",26,40.5387,-104.978,S,-1,-1
511,"A",17,40.6133,-104.993,S,-1,-1
512,"B",70,40.5746,-104.982,S,-1,-1
513,"E",45,40.563,-105.168,S,-1,-1
514,"F",25,40.6257,-105.101,S,-1,-1
515,"F",55,40.6248,-105.134,S,-1,-1
516,"E",51,40.5588,-105.126,S,-1,-1
517,"B",75,40.5751,-105.001,S,-1,-1
518,"F",64,40.6207,-105.141,S,-1,-1
519,"F",99,40.5894,-105.145,S,-1,-1
520,"A",46,40.5979,-105.045,S,-1,-1
521,"F",97,40.5914,-105.147,S,-1,-1
522,"D",22,40.5174,-105.137,S,-1,-1
523,"D",28,40.5324,-105.112,S,-1,-1
524,"C",11,40.4779,-105.066,S,-1,-1
525,"D",5,40.5119,-105.175,S,-1,-1
526,"C",27,40.5169,-105.062,S,-1,-1
527,"D",73,40.5311,-105.089,S,-1,-1
528,"A",33,40.6256,-105.003,S,-1,-1
529,"D",7,40.5138,-105.167,S,-1,-1
530,"C",8,40.5043,-105.073,S,-1,-1
531,"E",45,40.5629,-105.161,S,-1,-1
532,"C",46,40.4849,-105.028,S,-1,-1
533,"E",72,40.5486,-105.137,S,-1,-1
534,"D",59,40.4945,-105.117,S,-1,-1
535,"F",42,40.6066,-105.107,S,-1,-1
536,"C",18,40.4984,-105.063,S,-1,-1
537,"C",28,40.5168,-105.062,S,-1,-1
538,"C",88,40.5533,-105.068,S,-1,-1
539,"E",39,40.5608,-105.096,S,-1,-1
540,"D",41,40.5125,-105.122,S,-1,-1
541,"D",37,40.5336,-105.105,S,-1,-1
542,"E",38,40.5633,-105.118,S,-1,-1
543,"D",34,40.5137,-105.128,S,-1,-1
544,"A",22,40.5784,-105.051,S,-1,-1
545,"A",13,40.6109,-104.989,S,-1,-1
546,"B",98,40.6003,-104.98,S,-1,-1
547,"E",8,40.566,-105.096,S,-1,-1
548,"B",36,40.5528,-105.024,S,-1,-1
549,"D",53,40.485,-105.131,S,-1,-1
550,"D",85,40.4715,-105.097,S,-1,-1
551,"F",19,40.6452,-105.1,S,-1,-1
552,"E",93,40.5207,-105.183,S,-1,-1
553,"B",70,40.5734,-104.989,S,-1,-1
554,"C",7,40.5146,-105.074,S,-1,-1
555,"E",76,40.5379,-105.18,S,-1,-1
556,"A",43,40.5983,-105.043,S,-1,-1
557,"D",35,40.4981,-105.143,S,-1,-1
558,"D",95,40.5207,-105.081,S,-1,-1
559,"E",11,40.5934,-105.18,S,-1,-1
560,"E",63,40.5484,-105.183,S,-1,-1
561,"A",22,40.6087,-105.007,S,-1,-1
562,"A",63,40.6385,-105.036,S,-1,-1
563,"E",79,40.5367,-105.171,S,-1,-1
564,"F",15,40.6164,-105.089,S,-1,-1
565,"E",88,40.5319,-105.164,S,-1,-1
566,"A",52,40.6301,-105.027,S,-1,-1
567,"D",19,40.5264,-105.128,S,-1,-1
568,"C",27,40.4765,-105.048,S,-1,-1
569,"D",82,40.4763,-105.099,S,-1,-1
570,"C",22,40.4959,-105.06,S,-1,-1
571,"B",52,40.5604,-105,S,-1,-1
572,"C",66,40.4972,-105.011,S,-1,-1
573,"A",52,40.6348,-105.023,S,-1,-1
574,"F",99,40.6017,-105.172,S,-1,-1
575,"B",19,40.546,-105.028,S,-1,-1
576,"A",25,40.6064,-105.015,S,-1,-1
577,"C",4,40.4775,-105.074,S,-1,-1
578,"E",69,40.5527,-105.121,S,-1,-1
579,"E",54,40.5575,-105.133,S,-1,-1
580,"B",51,40.5595,-104.986,S,-1,-1
581,"C",100,40.5363,-105.026,S,-1,-1
582,"A",81,40.6183,-105.062,S,-1,-1
583,"B",64,40.5652,-105.024,S,-1,-1
584,"D",70,40.5282,-105.091,S,-1,-1
585,"C",35,40.5134,-105.055,S,-1,-1
586,"E",18,40.5737,-105.131,S,-1,-1
587,"B",10,40.5234,-104.975,S,-1,-1
588,"D",36,40.5086,-105.132,S,-1,-1
589,"F",85,40.5948,-105.136,S,-1,-1
590,"B",76,40.5679,-105.037,S,-1,-1
591,"E",64,40.5464,-105.193,S,-1,-1
592,"F",57,40.6196,-105.131,S,-1,-1
593,"F",79,40.6171,-105.16,S,-1,-1
594,"B",73,40.5708,-105.014,S,-1,-1
595,"A",52,40.6122,-105.04,S,-1,-1
596,"E",81,40.5479,-105.122,S,-1,-1
597,"F",59,40.5943,-105.11,S,-1,-1
598,"A",81,40.615,-105.063,S,-1,-1
599,"C",15,40.5278,-105.072,S,-1,-1
600,"F",73,40.5863,-105.112,S,-1,-1
601,"C",90,40.5409,-105.045,S,-1,-1
602,"A",32,40.5958,-105.036,S,-1,-1
603,"B",35,40.5472,-104.985,S,-1,-1
604,"A",13,40.6121,-104.987,S,-1,-1
605,"A",33,40.5908,-105.043,S,-1,-1
606,"D",37,40.506,-105.133,S,-1,-1
607,"E",6,40.5776,-105.125,S,-1,-1
608,"A",43,40.614,-105.028,S,-1,-1
609,"F",44,40.6269,-105.122,S,-1,-1
610,"B",72,40.5786,-104.967,S,-1,-1
611,"B",21,40.543,-105.013,S,-1,-1
612,"E",39,40.5663,-105.152,S,-1,-1
613,"C",25,40.5166,-105.064,S,-1,-1
614,"E",81,40.532,-105.183,S,-1,-1
615,"A",61,40.6121,-105.048,S,-1,-1
616,"E",15,40.5893,-105.178,S,-1,-1
617,"B",13,40.5416,-105.023,S,-1,-1
618,"D",41,40.5363,-105.099,S,-1,-1
619,"F",2,40.5863,-105.079,S,-1,-1
620,"F",48,40.615,-105.117,S,-1,-1
621,"E",76,40.5392,-105.173,S,-1,-1
622,"E",8,40.5809,-105.137,S,-1,-1
623,"B",46,40.5562,-105.003,S,-1,-1
624,"B",64,40.5686,-104.99,S,-1,-1
625,"B",94,40.5759,-105.034,S,-1,-1
626,"C",99,40.5297,-105.013,S,-1,-1
627,"F",73,40.5907,-105.118,S,-1,-1
628,"F",20,40.6361,-105.099,S,-1,-1
629,"F",53,40.6063,-105.116,S,-1,-1
630,"E",13,40.5796,-105.143,S,-1,-1
631,"D",6,40.52,-105.157,S,-1,-1
632,"E",97,40.5299,-105.149,S,-1,-1
633,"F",17,40.6442,-105.097,S,-1,-1
634,"A",32,40.5805,-105.053,S,-1,-1
635,"D",51,40.4891,-105.131,S,-1,-1
636,"B",24,40.5463,-105.021,S,-1,-1
637,"B",57,40.5617,-105.033,S,-1,-1
638,"B",72,40.5788,-104.969,S,-1,-1
639,"E",89,40.5301,-105.165,S,-1,-1
640,"B",60,40.5634,-105.025,S,-1,-1
641,"C",99,40.5267,-105.006,S,-1,-1
642,"B",15,40.5583,-105.075,S,-1,-1
643,"B",88,40.5824,-105.006,S,-1,-1
644,"E",6,40.5965,-105.175,S,-1,-1
645,"F",52,40.6245,-105.13,S,-1,-1
646,"F",27,40.6401,-105.109,S,-1,-1
647,"C",10,40.4754,-105.068,S,-1,-1
648,"C",46,40.5153,-105.049,S,-1,-1
649,"C",75,40.5206,-105.028,S,-1,-1
650,"B",59,40.566,-104.975,S,-1,-1
651,"A",3,40.5769,-105.039,S,-1,-1
652,"D",86,40.4774,-105.094,S,-1,-1
653,"A",27,40.5657,-105.07,S,-1,-1
654,"C",64,40.5388,-105.057,S,-1,-1
655,"C",92,40.5195,-105.004,S,-1,-1
656,"F",95,40.6041,-105.17,S,-1,-1
657,"B",55,40.5629,-104.967,S,-1,-1
658,"E",71,40.5421,-105.178,S,-1,-1
659,"C",74,40.5426,-105.057,S,-1,-1
660,"E",11,40.5942,-105.183,S,-1,-1
661,"B",45,40.5574,-105.039,S,-1,-1
662,"D",32,40.5339,-105.107,S,-1,-1
663,"E",76,40.5369,-105.182,S,-1,-1
664,"F",50,40.5913,-105.102,S,-1,-1
665,"F",70,40.6175,-105.147,S,-1,-1
666,"D",86,40.4757,-105.094,S,-1,-1
667,"A",52,40.6082,-105.042,S,-1,-1
668,"D",75,40.5185,-105.092,S,-1,-1
669,"C",42,40.4855,-105.033,S,-1,-1
670,"E",17,40.5874,-105.178,S,-1,-1
671,"B",36,40.5516,-105.013,S,-1,-1
672,"A",3,40.6054,-104.979,S,-1,-1
673,"A",55,40.6328,-105.029,S,-1,-1
674,"B",97,40.5718,-105.047,S,-1,-1
675,"B",57,40.565,-104.965,S,-1,-1
676,"D",61,40.508,-105.108,S,-1,-1
677,"C",99,40.5198,-104.992,S,-1,-1
678,"A",61,40.6017,-105.054,S,-1,-1
679,"B",8,40.5256,-104.986,S,-1,-1
680,"D",26,40.4972,-105.159,S,-1,-1
681,"B",58,40.5633,-105.006,S,-1,-1
682,"F",6,40.5995,-105.081,S,-1,-1
683,"C",30,40.4831,-105.046,S,-1,-1
684,"B",68,40.5755,-104.962,S,-1,-1
685,"C",99,40.5245,-105.002,S,-1,-1
686,"E",76,40.54,-105.167,S,-1,-1
687,"E",36,40.5622,-105.104,S,-1,-1
688,"B",12,40.5413,-105.024,S,-1,-1
689,"F",12,40.5878,-105.083,S,-1,-1
690,"C",49,40.5235,-105.052,S,-1,-1
691,"C",77,40.5264,-105.033,S,-1,-1
692,"C",92,40.5206,-105.005,S,-1,-1
693,"A",40,40.5956,-105.043,S,-1,-1
694,"F",92,40.5795,-105.116,S,-1,-1
695,"C",84,40.5476,-105.06,S,-1,-1
696,"D",57,40.5209,-105.103,S,-1,-1
697,"E",25,40.5825,-105.189,S,-1,-1
698,"A",45,40.6254,-105.022,S,-1,-1
699,"B",8,40.5442,-105.038,S,-1,-1
700,"F",27,40.6431,-105.109,S,-1,-1
701,"B",81,40.5811,-104.993,S,-1,-1
702,"B",57,40.5656,-104.964,S,-1,-1
703,"D",13,40.5206,-105.144,S,-1,-1
704,"D",95,40.5468,-105.079,S,-1,-1
705,"E",91,40.5271,-105.17,S,-1,-1
706,"A",37,40.6082,-105.027,S,-1,-1
707,"F",53,40.6026,-105.113,S,-1,-1
708,"D",50,40.5076,-105.117,S,-1,-1
709,"C",35,40.4843,-105.041,S,-1,-1
710,"A",90,40.6357,-105.067,S,-1,-1
711,"B",37,40.55,-104.996,S,-1,-1
712,"D",41,40.539,-105.097,S,-1,-1
713,"F",47,40.6382,-105.132,S,-1,-1
714,"A",40,40.5862,-105.052,S,-1,-1
715,"C",69,40.5019,-105.012,S,-1,-1
716,"A",72,40.5729,-105.072,S,-1,-1
717,"A",72,40.5841,-105.068,S,-1,-1
718,"C",34,40.4756,-105.038,S,-1,-1
719,"C",48,40.4901,-105.028,S,-1,-1
720,"B",25,40.542,-104.996,S,-1,-1
721,"A",86,40.6457,-105.061,S,-1,-1
722,"E",67,40.5487,-105.154,S,-1,-1
723,"F",97,40.5974,-105.16,S,-1,-1
724,"E",78,40.5401,-105.161,S,-1,-1
725,"B",80,40.5862,-104.969,S,-1,-1
726,"E",71,40.5492,-105.138,S,-1,-1
727,"D",12,40.506,-105.172,S,-1,-1
728,"F",14,40.6456,-105.094,S,-1,-1
729,"A",43,40.6003,-105.041,S,-1,-1
730,"A",7,40.592,-105.013,S,-1,-1
731,"F",74,40.6038,-105.136,S,-1,-1
732,"E",8,40.5932,-105.171,S,-1,-1
733,"B",24,40.5575,-105.07,S,-1,-1
734,"C",61,40.5186,-105.039,S,-1,-1
735,"D",63,40.5116,-105.103,S,-1,-1
736,"A",77,40.6375,-105.052,S,-1,-1
737,"A",82,40.6331,-105.059,S,-1,-1
738,"D",3,40.5123,-105.178,S,-1,-1
739,"D",92,40.4743,-105.087,S,-1,-1
740,"D",91,40.49,-105.087,S,-1,-1
741,"E",28,40.5704,-105.138,S,-1,-1
742,"E",36,40.5668,-105.143,S,-1,-1
743,"D",23,40.4982,-105.163,S,-1,-1
744,"B",65,40.5678,-105.005,S,-1,-1
745,"A",36,40.5731,-105.063,S,-1,-1
746,"A",27,40.6148,-105.007,S,-1,-1
747,"D",89,40.484,-105.089,S,-1,-1
748,"B",72,40.5708,-105.011,S,-1,-1
749,"F",17,40.5838,-105.084,S,-1,-1
750,"C",9,40.4765,-105.068,S,-1,-1
751,"B",54,40.5612,-105.013,S,-1,-1
752,"D",12,40.5416,-105.109,S,-1,-1
753,"F",89,40.6089,-105.165,S,-1,-1
754,"B",28,40.5427,-104.99,S,-1,-1
755,"E",44,40.5629,-105.157,S,-1,-1
756,"C",89,40.5334,-105.033,S,-1,-1
757,"B",14,40.5437,-105.028,S,-1,-1
758,"A",83,40.5824,-105.073,S,-1,-1
759,"B",41,40.5529,-105,S,-1,-1
760,"E",94,40.5391,-105.131,S,-1,-1
761,"C",70,40.5139,-105.025,S,-1,-1
762,"D",11,40.545,-105.103,S,-1,-1
763,"E",12,40.5735,-105.121,S,-1,-1
764,"A",92,40.6478,-105.068,S,-1,-1
765,"A",80,40.5978,-105.067,S,-1,-1
766,"A",41,40.5874,-105.051,S,-1,-1
767,"F",14,40.5957,-105.085,S,-1,-1
768,"A",32,40.607,-105.023,S,-1,-1
769,"A",2,40.5849,-105.021,S,-1,-1
770,"B",35,40.5539,-105.036,S,-1,-1
771,"C",32,40.474,-105.04,S,-1,-1
772,"D",50,40.5097,-105.116,S,-1,-1
773,"E",43,40.5637,-105.158,S,-1,-1
774,"D",92,40.4879,-105.086,S,-1,-1
775,"E",73,40.5428,-105.164,S,-1,-1
776,"F",69,40.5976,-105.122,S,-1,-1
777,"E",2,40.5829,-105.133,S,-1,-1
778,"D",77,40.5057,-105.095,S,-1,-1
779,"F",39,40.6378,-105.122,S,-1,-1
780,"F",84,40.5845,-105.118,S,-1,-1
781,"D",47,40.5109,-105.118,S,-1,-1
782,"A",19,40.6148,-104.993,S,-1,-1
783,"D",82,40.5264,-105.086,S,-1,-1
784,"B",35,40.5487,-104.993,S,-1,-1
785,"E",58,40.5528,-105.175,S,-1,-1
786,"F",77,40.5967,-105.13,S,-1,-1
787,"B",18,40.5476,-105.036,S,-1,-1
788,"F",50,40.6035,-105.112,S,-1,-1
789,"D",74,40.5243,-105.091,S,-1,-1
790,"B",99,40.5877,-105.011,S,-1,-1
791,"E",65,40.557,-105.097,S,-1,-1
792,"E",3,40.567,-105.097,S,-1,-1
793,"A",72,40.6162,-105.055,S,-1,-1
794,"B",29,40.5427,-104.984,S,-1,-1
795,"E",92,40.5344,-105.147,S,-1,-1
796,"D",54,40.4841,-105.129,S,-1,-1
797,"F",69,40.5927,-105.116,S,-1,-1
798,"D",87,40.5329,-105.083,S,-1,-1
799,"F",62,40.6055,-105.124,S,-1,-1
800,"A",39,40.5868,-105.051,S,-1,-1
801,"F",96,40.6017,-105.166,S,-1,-1
802,"E",59,40.5532,-105.161,S,-1,-1
803,"A",42,40.6288,-105.014,S,-1,-1
804,"B",73,40.5751,-104.994,S,-1,-1
805,"B",52,40.5601,-105.016,S,-1,-1
806,"A",66,40.6202,-105.048,S,-1,-1
807,"E",34,40.5677,-105.141,S,-1,-1
808,"F",90,40.6071,-105.164,S,-1,-1
809,"B",2,40.5156,-104.976,S,-1,-1
810,"B",96,40.5868,-105.008,S,-1,-1
811,"B",53,40.5613,-104.977,S,-1,-1
812,"A",72,40.6358,-105.047,S,-1,-1
813,"F",54,40.5973,-105.11,S,-1,-1
814,"B",27,40.5516,-105.038,S,-1,-1
815,"D",59,40.5138,-105.106,S,-1,-1
816,"A",4,40.5857,-105.023,S,-1,-1
817,"A",3,40.5946,-105.001,S,-1,-1
818,"A",45,40.598,-105.044,S,-1,-1
819,"D",2,40.5247,-105.154,S,-1,-1
820,"C",63,40.5239,-105.042,S,-1,-1
821,"F",70,40.6155,-105.144,S,-1,-1
822,"D",35,40.5109,-105.13,S,-1,-1
823,"D",1,40.54,-105.121,S,-1,-1
824,"C",71,40.5464,-105.063,S,-1,-1
825,"B",11,40.5256,-104.979,S,-1,-1
826,"C",26,40.517,-105.063,S,-1,-1
827,"C",5,40.4738,-105.073,S,-1,-1
828,"C",45,40.4979,-105.038,S,-1,-1
829,"B",17,40.5444,-105.026,S,-1,-1
830,"F",26,40.5856,-105.087,S,-1,-1
831,"B",12,40.5454,-105.037,S,-1,-1
832,"B",50,40.5589,-104.992,S,-1,-1
833,"F",45,40.6081,-105.11,S,-1,-1
834,"B",66,40.5708,-104.988,S,-1,-1
835,"D",75,40.4846,-105.105,S,-1,-1
836,"D",28,40.5046,-105.147,S,-1,-1
837,"B",4,40.545,-105.043,S,-1,-1
838,"A",73,40.6353,-105.049,S,-1,-1
839,"B",28,40.5511,-105.034,S,-1,-1
840,"D",79,40.5049,-105.094,S,-1,-1
841,"C",61,40.5072,-105.028,S,-1,-1
842,"E",87,40.5365,-105.152,S,-1,-1
843,"C",52,40.5236,-105.05,S,-1,-1
844,"A",71,40.5991,-105.062,S,-1,-1
845,"F",68,40.5984,-105.123,S,-1,-1
846,"C",97,40.5119,-104.978,S,-1,-1
847,"D",100,40.4917,-105.078,S,-1,-1
848,"E",69,40.5423,-105.186,S,-1,-1
849,"D",8,40.5279,-105.139,S,-1,-1
850,"F",18,40.6277,-105.095,S,-1,-1
851,"A",54,40.6348,-105.026,S,-1,-1
852,"A",9,40.5975,-105.005,S,-1,-1
853,"E",21,40.5784,-105.156,S,-1,-1
854,"F",71,40.5705,-105.091,S,-1,-1
855,"B",42,40.5533,-104.995,S,-1,-1
856,"A",39,40.6276,-105.01,S,-1,-1
857,"A",64,40.6156,-105.049,S,-1,-1
858,"D",67,40.478,-105.116,S,-1,-1
859,"A",33,40.6202,-105.009,S,-1,-1
860,"C",54,40.5322,-105.056,S,-1,-1
861,"C",90,40.5067,-104.984,S,-1,-1
862,"A",3,40.6063,-104.977,S,-1,-1
863,"E",91,40.5371,-105.142,S,-1,-1
864,"E",2,40.5842,-105.136,S,-1,-1
865,"D",7,40.5221,-105.151,S,-1,-1
866,"A",85,40.6117,-105.067,S,-1,-1
867,"B",96,40.5958,-104.986,S,-1,-1
868,"A",49,40.6178,-105.032,S,-1,-1
869,"C",13,40.5399,-105.075,S,-1,-1
870,"A",8,40.576,-105.046,S,-1,-1
871,"A",8,40.6097,-104.981,S,-1,-1
872,"E",8,40.5922,-105.168,S,-1,-1
873,"E",15,40.5808,-105.15,S,-1,-1
874,"F",97,40.5969,-105.158,S,-1,-1
875,"C",48,40.4852,-105.026,S,-1,-1
876,"E",11,40.5927,-105.177,S,-1,-1
877,"D",98,40.4849,-105.08,S,-1,-1
878,"E",6,40.5991,-105.181,S,-1,-1
879,"A",21,40.619,-104.99,S,-1,-1
880,"E",15,40.5627,-105.09,S,-1,-1
881,"B",47,40.5568,-105.001,S,-1,-1
882,"B",72,40.5766,-104.977,S,-1,-1
883,"E",17,40.5778,-105.145,S,-1,-1
884,"E",18,40.5838,-105.17,S,-1,-1
885,"D",94,40.5165,-105.082,S,-1,-1
886,"D",99,40.4772,-105.08,S,-1,-1
887,"A",50,40.6094,-105.04,S,-1,-1
888,"B",7,40.5253,-104.988,S,-1,-1
889,"F",89,40.5841,-105.122,S,-1,-1
890,"E",44,40.5621,-105.139,S,-1,-1
891,"F",37,40.6263,-105.114,S,-1,-1
892,"E",57,40.556,-105.138,S,-1,-1
893,"B",5,40.5323,-105.01,S,-1,-1
894,"E",46,40.5621,-105.166,S,-1,-1
895,"C",3,40.5221,-105.077,S,-1,-1
896,"D",16,40.52,-105.141,S,-1,-1
897,"D",43,40.4888,-105.142,S,-1,-1
898,"E",93,40.5501,-105.103,S,-1,-1
899,"B",26,40.5382,-104.974,S,-1,-1
900,"C",93,40.5318,-105.025,S,-1,-1
901,"D",2,40.539,-105.122,S,-1,-1
902,"B",8,40.5226,-104.978,S,-1,-1
903,"A",37,40.6255,-105.009,S,-1,-1
904,"E",82,40.5318,-105.181,S,-1,-1
905,"D",52,40.4937,-105.126,S,-1,-1
906,"B",2,40.5542,-105.066,S,-1,-1
907,"B",100,40.5957,-104.994,S,-1,-1
908,"B",93,40.5926,-104.987,S,-1,-1
909,"C",99,40.55,-105.058,S,-1,-1
910,"A",13,40.6054,-104.999,S,-1,-1
911,"A",21,40.566,-105.068,S,-1,-1
912,"B",82,40.587,-104.974,S,-1,-1
913,"D",54,40.5535,-105.082,S,-1,-1
914,"D",49,40.4871,-105.135,S,-1,-1
915,"A",75,40.6296,-105.053,S,-1,-1
916,"B",4,40.5178,-104.976,S,-1,-1
917,"D",12,40.517,-105.152,S,-1,-1
918,"A",63,40.6311,-105.039,S,-1,-1
919,"F",34,40.6394,-105.117,S,-1,-1
920,"D",52,40.4867,-105.131,S,-1,-1
921,"D",26,40.5172,-105.133,S,-1,-1
922,"C",99,40.5171,-104.984,S,-1,-1
923,"F",39,40.6309,-105.118,S,-1,-1
924,"A",68,40.5968,-105.061,S,-1,-1
925,"D",40,40.4944,-105.141,S,-1,-1
926,"D",98,40.4812,-105.08,S,-1,-1
927,"A",55,40.5983,-105.052,S,-1,-1
928,"B",22,40.5343,-104.972,S,-1,-1
929,"D",7,40.5257,-105.143,S,-1,-1
930,"C",44,40.48,-105.027,S,-1,-1
931,"F",55,40.6185,-105.128,S,-1,-1
932,"C",16,40.4947,-105.065,S,-1,-1
933,"A",96,40.6323,-105.074,S,-1,-1
934,"C",40,40.5162,-105.053,S,-1,-1
935,"C",87,40.5567,-105.074,S,-1,-1
936,"F",82,40.5976,-105.136,S,-1,-1
937,"C",38,40.5068,-105.05,S,-1,-1
938,"C",10,40.541,-105.076,S,-1,-1
939,"F",35,40.5773,-105.087,S,-1,-1
940,"C",68,40.508,-105.02,S,-1,-1
941,"C",11,40.5056,-105.07,S,-1,-1
942,"B",41,40.5564,-105.042,S,-1,-1
943,"B",35,40.5489,-104.999,S,-1,-1
944,"A",57,40.5959,-105.055,S,-1,-1
945,"F",46,40.5912,-105.099,S,-1,-1
946,"E",58,40.5538,-105.166,S,-1,-1
947,"C",73,40.501,-105.005,S,-1,-1
948,"D",40,40.5036,-105.132,S,-1,-1
949,"F",81,40.5896,-105.123,S,-1,-1
950,"B",10,40.5401,-105.023,S,-1,-1
951,"C",81,40.5097,-105.004,S,-1,-1
952,"C",71,40.512,-105.021,S,-1,-1
953,"A",71,40.616,-105.054,S,-1,-1
954,"B",56,40.5643,-104.962,S,-1,-1
955,"E",41,40.5668,-105.179,S,-1,-1
956,"E",71,40.5428,-105.175,S,-1,-1
957,"F",10,40.6029,-105.083,S,-1,-1
958,"C",70,40.506,-105.015,S,-1,-1
959,"B",6,40.5241,-104.987,S,-1,-1
960,"F",18,40.6094,-105.09,S,-1,-1
961,"A",59,40.5869,-105.061,S,-1,-1
962,"D",41,40.5,-105.134,S,-1,-1
963,"C",19,40.4792,-105.058,S,-1,-1
964,"C",69,40.4949,-105.005,S,-1,-1
965,"B",83,40.5831,-104.991,S,-1,-1
966,"F",29,40.6069,-105.098,S,-1,-1
967,"A",81,40.6265,-105.061,S,-1,-1
968,"C",28,40.5446,-105.073,S,-1,-1
969,"C",64,40.5271,-105.045,S,-1,-1
970,"D",88,40.4821,-105.09,S,-1,-1
971,"B",57,40.5626,-105.012,S,-1,-1
972,"B",14,40.5374,-105.008,S,-1,-1
973,"F",47,40.6371,-105.132,S,-1,-1
974,"E",19,40.5826,-105.167,S,-1,-1
975,"B",65,40.5716,-104.974,S,-1,-1
976,"E",91,40.5344,-105.15,S,-1,-1
977,"A",22,40.5861,-105.04,S,-1,-1
978,"B",38,40.5532,-105.021,S,-1,-1
979,"D",55,40.4803,-105.132,S,-1,-1
980,"D",78,40.5384,-105.084,S,-1,-1
981,"A",74,40.5861,-105.068,S,-1,-1
982,"C",7,40.5261,-105.075,S,-1,-1
983,"D",21,40.5076,-105.153,S,-1,-1
984,"D",67,40.5214,-105.096,S,-1,-1
985,"B",28,40.5387,-104.967,S,-1,-1
986,"D",96,40.53,-105.08,S,-1,-1
987,"E",22,40.5776,-105.155,S,-1,-1
988,"F",47,40.6134,-105.116,S,-1,-1
989,"F",18,40.6388,-105.098,S,-1,-1
990,"B",99,40.5788,-105.033,S,-1,-1
991,"C",69,40.4957,-105.005,S,-1,-1
992,"B",86,40.5826,-105,S,-1,-1
993,"B",29,40.5571,-105.066,S,-1,-1
994,"F",1,40.611,-105.078,S,-1,-1
995,"F",33,40.6316,-105.111,S,-1,-1
996,"A",90,40.636,-105.067,S,-1,-1
997,"F",12,40.6332,-105.09,S,-1,-1
998,"C",46,40.5049,-105.042,S,-1,-1
999,"B",14,40.528,-104.978,S,-1,-1
1000,"F",92,40.6086,-105.172,S,-1,-1
1001,"E",94,40.537,-105.136,S,-1,-1
1002,"D",3,40.547,-105.104,S,-1,-1
1003,"C",24,40.5345,-105.07,S,-1,-1
1004,"C",49,40.4832,-105.023,S,-1,-1
1005,"B",1,40.554,-105.066,S,-1,-1
1006,"A",12,40.6028,-105.001,S,-1,-1
1007,"B",58,40.5635,-105.008,S,-1,-1
1008,"C",45,40.5063,-105.043,S,-1,-1
1009,"A",10,40.5776,-105.044,S,-1,-1
1010,"A",23,40.6194,-104.995,S,-1,-1
1011,"D",22,40.5061,-105.154,S,-1,-1
1012,"E",96,40.5243,-105.166,S,-1,-1
1013,"C",77,40.5073,-105.007,S,-1,-1
1014,"D",95,40.5306,-105.08,S,-1,-1
1015,"D",46,40.5039,-105.125,S,-1,-1
1016,"B",79,40.5833,-104.977,S,-1,-1
1017,"C",35,40.5373,-105.067,S,-1,-1
1018,"D",18,40.5293,-105.124,S,-1,-1
1019,"F",33,40.634,-105.113,S,-1,-1
1020,"C",44,40.5029,-105.042,S,-1,-1
1021,"B",83,40.5829,-104.99,S,-1,-1
1022,"A",69,40.6213,-105.05,S,-1,-1
1023,"E",3,40.5923,-105.158,S,-1,-1
1024,"A",19,40.6084,-105.003,S,-1,-1
1025,"D",89,40.5146,-105.085,S,-1,-1
1026,"C",33,40.5062,-105.053,S,-1,-1
1027,"F",22,40.6245,-105.097,S,-1,-1
1028,"C",48,40.4976,-105.034,S,-1,-1
1029,"E",42,40.5603,-105.095,S,-1,-1
1030,"C",14,40.4993,-105.067,S,-1,-1
1031,"E",96,40.5397,-105.127,S,-1,-1
1032,"C",78,40.5222,-105.027,S,-1,-1
1033,"F",66,40.6274,-105.151,S,-1,-1
1034,"B",19,40.5314,-104.973,S,-1,-1
1035,"B",83,40.5784,-105.008,S,-1,-1
1036,"E",14,40.5894,-105.176,S,-1,-1
1037,"B",46,40.5564,-105.007,S,-1,-1
1038,"D",85,40.521,-105.086,S,-1,-1
1039,"B",99,40.5732,-105.046,S,-1,-1
1040,"C",35,40.4785,-105.038,S,-1,-1
1041,"F",73,40.6098,-105.141,S,-1,-1
1042,"D",29,40.5132,-105.135,S,-1,-1
1043,"E",44,40.5602,-105.1,S,-1,-1
1044,"B",27,40.5453,-105.006,S,-1,-1
1045,"D",66,40.4915,-105.111,S,-1,-1
1046,"D",47,40.4971,-105.129,S,-1,-1
1047,"D",20,40.545,-105.099,S,-1,-1
1048,"C",9,40.4808,-105.069,S,-1,-1
1049,"A",19,40.5738,-105.056,S,-1,-1
1050,"B",20,40.5424,-105.012,S,-1,-1
1051,"B",51,40.5593,-104.982,S,-1,-1
1052,"A",2,40.5879,-105.014,S,-1,-1
1053,"D",39,40.5305,-105.107,S,-1,-1
1054,"C",35,40.4916,-105.044,S,-1,-1
1055,"D",28,40.5266,-105.118,S,-1,-1
1056,"A",85,40.643,-105.061,S,-1,-1
1057,"C",39,40.5159,-105.054,S,-1,-1
1058,"B",40,40.5529,-105.003,S,-1,-1
1059,"E",71,40.5435,-105.169,S,-1,-1
1060,"D",87,40.4956,-105.09,S,-1,-1
1061,"F",69,40.6151,-105.143,S,-1,-1
1062,"B",51,40.5596,-105.022,S,-1,-1
1063,"C",17,40.4986,-105.065,S,-1,-1
1064,"D",88,40.511,-105.086,S,-1,-1
1065,"C",23,40.4765,-105.053,S,-1,-1
1066,"E",69,40.5421,-105.191,S,-1,-1
1067,"C",90,40.5092,-104.988,S,-1,-1
1068,"C",75,40.4994,-104.999,S,-1,-1
1069,"A",91,40.6444,-105.067,S,-1,-1
1070,"C",20,40.4863,-105.059,S,-1,-1
1071,"A",92,40.636,-105.07,S,-1,-1
1072,"D",73,40.4767,-105.109,S,-1,-1
1073,"C",6,40.48,-105.072,S,-1,-1
1074,"E",87,40.5358,-105.153,S,-1,-1
1075,"A",82,40.6409,-105.057,S,-1,-1
1076,"E",74,40.5378,-105.187,S,-1,-1
1077,"F",100,40.601,-105.173,S,-1,-1
1078,"D",94,40.4844,-105.085,S,-1,-1
1079,"F",91,40.5857,-105.127,S,-1,-1
1080,"F",14,40.6115,-105.087,S,-1,-1
1081,"B",7,40.5196,-104.974,S,-1,-1
1082,"E",69,40.5425,-105.19,S,-1,-1
1083,"E",62,40.549,-105.187,S,-1,-1
1084,"D",77,40.4748,-105.106,S,-1,-1
1085,"C",39,40.48,-105.034,S,-1,-1
1086,"A",2,40.5834,-105.024,S,-1,-1
1087,"B",58,40.5659,-104.972,S,-1,-1
1088,"A",4,40.6034,-104.985,S,-1,-1
1089,"A",19,40.6075,-105.005,S,-1,-1
1090,"F",58,40.6014,-105.116,S,-1,-1
1091,"C",53,40.4959,-105.027,S,-1,-1
1092,"D",62,40.5033,-105.109,S,-1,-1
1093,"D",23,40.509,-105.148,S,-1,-1
1094,"C",83,40.5134,-105.008,S,-1,-1
1095,"E",39,40.5673,-105.165,S,-1,-1
1096,"B",22,40.5489,-105.035,S,-1,-1
1097,"F",10,40.6477,-105.089,S,-1,-1
1098,"B",51,40.5593,-105.056,S,-1,-1
1099,"F",83,40.5912,-105.127,S,-1,-1
1100,"A",57,40.6357,-105.028,S,-1,-1
1101,"A",26,40.6189,-105,S,-1,-1
1102,"A",22,40.6057,-105.013,S,-1,-1
1103,"F",13,40.5906,-105.083,S,-1,-1
1104,"A",99,40.6396,-105.077,S,-1,-1
1105,"D",91,40.5409,-105.08,S,-1,-1
1106,"A",35,40.5938,-105.041,S,-1,-1
1107,"B",36,40.5468,-104.973,S,-1,-1
1108,"B",62,40.5684,-104.982,S,-1,-1
1109,"E",34,40.567,-105.135,S,-1,-1
1110,"A",91,40.6237,-105.07,S,-1,-1
1111,"E",3,40.597,-105.168,S,-1,-1
1112,"A",95,40.6441,-105.072,S,-1,-1
1113,"B",47,40.5562,-104.978,S,-1,-1
1114,"C",59,40.5079,-105.031,S,-1,-1
1115,"A",64,40.6261,-105.043,S,-1,-1
1116,"D",17,40.5092,-105.157,S,-1,-1
1117,"F",6,40.6311,-105.083,S,-1,-1
1118,"C",31,40.5427,-105.071,S,-1,-1
1119,"C",28,40.5278,-105.066,S,-1,-1
1120,"F",25,40.6269,-105.101,S,-1,-1
1121,"F",19,40.623,-105.094,S,-1,-1
1122,"A",71,40.6446,-105.043,S,-1,-1
1123,"C",84,40.5067,-104.996,S,-1,-1
1124,"F",3,40.6422,-105.08,S,-1,-1
1125,"B",72,40.5775,-104.973,S,-1,-1
1126,"E",78,40.5338,-105.188,S,-1,-1
1127,"C",76,40.5261,-105.034,S,-1,-1
1128,"F",69,40.618,-105.146,S,-1,-1
1129,"A",11,40.5919,-105.02,S,-1,-1
1130,"C",3,40.4915,-105.076,S,-1,-1
1131,"C",14,40.4877,-105.065,S,-1,-1
1132,"D",5,40.5315,-105.135,S,-1,-1
1133,"E",95,40.5242,-105.167,S,-1,-1
1134,"F",50,40.6102,-105.117,S,-1,-1
1135,"A",56,40.6292,-105.032,S,-1,-1
1136,"C",31,40.5077,-105.056,S,-1,-1
1137,"C",44,40.4806,-105.028,S,-1,-1
1138,"A",85,40.6414,-105.061,S,-1,-1
1139,"D",36,40.4988,-105.141,S,-1,-1
1140,"E",45,40.5631,-105.175,S,-1,-1
1141,"D",25,40.5194,-105.131,S,-1,-1
1142,"C",79,40.5382,-105.048,S,-1,-1
1143,"E",60,40.5533,-105.155,S,-1,-1
1144,"E",86,40.531,-105.171,S,-1,-1
1145,"C",90,40.527,-105.02,S,-1,-1
1146,"A",23,40.5966,-105.026,S,-1,-1
1147,"B",88,40.5818,-105.008,S,-1,-1
1148,"E",33,40.5646,-105.117,S,-1,-1
1149,"C",27,40.4854,-105.051,S,-1,-1
1150,"E",93,40.5256,-105.169,S,-1,-1
1151,"D",95,40.5245,-105.08,S,-1,-1
1152,"C",24,40.5082,-105.061,S,-1,-1
1153,"B",88,40.5663,-105.056,S,-1,-1
1154,"A",28,40.5824,-105.049,S,-1,-1
1155,"D",34,40.5215,-105.12,S,-1,-1
1156,"C",33,40.5268,-105.063,S,-1,-1
1157,"F",87,40.5972,-105.143,S,-1,-1
1158,"E",12,40.5835,-105.151,S,-1,-1
1159,"F",27,40.6397,-105.108,S,-1,-1
1160,"E",23,40.5828,-105.182,S,-1,-1
1161,"C",76,40.537,-105.049,S,-1,-1
1162,"F",63,40.6157,-105.135,S,-1,-1
1163,"D",95,40.5171,-105.081,S,-1,-1
1164,"D",84,40.4899,-105.093,S,-1,-1
1165,"D",40,40.4951,-105.14,S,-1,-1
1166,"B",86,40.579,-105.011,S,-1,-1
1167,"F",80,40.6191,-105.165,S,-1,-1
1168,"D",63,40.515,-105.102,S,-1,-1
1169,"D",39,40.5018,-105.135,S,-1,-1
1170,"D",8,40.5276,-105.139,S,-1,-1
1171,"A",61,40.6292,-105.038,S,-1,-1
1172,"C",7,40.4901,-105.073,S,-1,-1
1173,"E",12,40.5858,-105.161,S,-1,-1
1174,"B",32,40.545,-104.982,S,-1,-1
1175,"F",87,40.6127,-105.168,S,-1,-1
1176,"C",46,40.4976,-105.036,S,-1,-1
1177,"B",31,40.5502,-105.021,S,-1,-1
1178,"B",21,40.5461,-105.025,S,-1,-1
1179,"B",95,40.5865,-105.008,S,-1,-1
1180,"C",39,40.4877,-105.038,S,-1,-1
1181,"C",85,40.5441,-105.054,S,-1,-1
1182,"E",48,40.5602,-105.135,S,-1,-1
1183,"F",80,40.5727,-105.098,S,-1,-1
1184,"D",84,40.5242,-105.086,S,-1,-1
1185,"E",24,40.5724,-105.14,S,-1,-1
1186,"E",69,40.5532,-105.116,S,-1,-1
1187,"C",11,40.4863,-105.068,S,-1,-1
1188,"D",37,40.5325,-105.105,S,-1,-1
1189,"D",78,40.5319,-105.086,S,-1,-1
1190,"D",46,40.5348,-105.098,S,-1,-1
1191,"F",82,40.6077,-105.152,S,-1,-1
1192,"A",58,40.5738,-105.069,S,-1,-1
1193,"B",25,40.5407,-104.991,S,-1,-1
1194,"E",11,40.5918,-105.176,S,-1,-1
1195,"D",32,40.4945,-105.152,S,-1,-1
1196,"B",77,40.569,-105.033,S,-1,-1
1197,"F",81,40.5905,-105.125,S,-1,-1
1198,"E",38,40.566,-105.147,S,-1,-1
1199,"A",45,40.6309,-105.016,S,-1,-1
1200,"C",2,40.5275,-105.078,S,-1,-1
1201,"E",28,40.5748,-105.163,S,-1,-1
1202,"A",13,40.5974,-105.013,S,-1,-1
1203,"E",8,40.5782,-105.13,S,-1,-1
1204,"A",97,40.6101,-105.076,S,-1,-1
1205,"E",59,40.5537,-105.159,S,-1,-1
1206,"A",69,40.6418,-105.041,S,-1,-1
1207,"B",73,40.5799,-104.968,S,-1,-1
1208,"E",4,40.5708,-105.107,S,-1,-1
1209,"A",47,40.6024,-105.043,S,-1,-1
1210,"D",59,40.529,-105.096,S,-1,-1
1211,"E",75,40.5505,-105.122,S,-1,-1
1212,"F",36,40.6078,-105.103,S,-1,-1
1213,"A",33,40.6126,-105.019,S,-1,-1
1214,"B",3,40.526,-104.999,S,-1,-1
1215,"E",38,40.5703,-105.185,S,-1,-1
1216,"A",51,40.6332,-105.023,S,-1,-1
1217,"A",40,40.596,-105.042,S,-1,-1
1218,"A",63,40.6146,-105.048,S,-1,-1
1219,"C",54,40.5072,-105.035,S,-1,-1
1220,"B",98,40.5918,-105,S,-1,-1
1221,"B",24,40.552,-105.045,S,-1,-1
1222,"E",76,40.5528,-105.109,S,-1,-1
1223,"C",14,40.5215,-105.071,S,-1,-1
1224,"C",73,40.4959,-104.998,S,-1,-1
1225,"F",45,40.625,-105.121,S,-1,-1
1226,"C",75,40.5263,-105.035,S,-1,-1
1227,"F",26,40.5934,-105.09,S,-1,-1
1228,"D",89,40.4825,-105.09,S,-1,-1
1229,"C",13,40.502,-105.068,S,-1,-1
1230,"C",47,40.5014,-105.038,S,-1,-1
1231,"C",52,40.5085,-105.039,S,-1,-1
1232,"F",31,40.5977,-105.095,S,-1,-1
1233,"B",53,40.5608,-104.999,S,-1,-1
1234,"C",80,40.5273,-105.031,S,-1,-1
1235,"D",34,40.49,-105.153,S,-1,-1
1236,"F",84,40.6114,-105.162,S,-1,-1
1237,"F",4,40.6409,-105.081,S,-1,-1
1238,"B",3,40.5524,-105.062,S,-1,-1
1239,"A",59,40.588,-105.06,S,-1,-1
1240,"A",75,40.5779,-105.072,S,-1,-1
1241,"B",6,40.5251,-104.991,S,-1,-1
1242,"E",66,40.5501,-105.147,S,-1,-1
1243,"B",80,40.5828,-104.983,S,-1,-1
1244,"B",38,40.5503,-104.987,S,-1,-1
1245,"E",98,40.5415,-105.121,S,-1,-1
1246,"A",87,40.5764,-105.075,S,-1,-1
1247,"C",44,40.5183,-105.052,S,-1,-1
1248,"A",39,40.6193,-105.019,S,-1,-1
1249,"D",43,40.486,-105.144,S,-1,-1
1250,"B",89,40.5923,-104.978,S,-1,-1
1251,"B",69,40.5713,-104.999,S,-1,-1
1252,"D",48,40.486,-105.137,S,-1,-1
1253,"E",7,40.5899,-105.16,S,-1,-1
1254,"D",8,40.5425,-105.11,S,-1,-1
1255,"E",30,40.5697,-105.14,S,-1,-1
1256,"C",77,40.509,-105.01,S,-1,-1
1257,"D",26,40.5167,-105.133,S,-1,-1
1258,"F",93,40.5751,-105.109,S,-1,-1
1259,"B",74,40.5694,-105.025,S,-1,-1
1260,"C",26,40.4739,-105.048,S,-1,-1
1261,"A",89,40.6387,-105.066,S,-1,-1
1262,"C",32,40.5124,-105.057,S,-1,-1
1263,"A",77,40.6163,-105.06,S,-1,-1
1264,"F",95,40.5996,-105.159,S,-1,-1
1265,"A",71,40.6433,-105.043,S,-1,-1
1266,"A",29,40.6113,-105.015,S,-1,-1
1267,"C",62,40.5133,-105.033,S,-1,-1
1268,"B",73,40.5702,-105.017,S,-1,-1
1269,"A",83,40.5905,-105.071,S,-1,-1
1270,"A",32,40.611,-105.019,S,-1,-1
1271,"F",59,40.6105,-105.126,S,-1,-1
1272,"A",45,40.6057,-105.038,S,-1,-1
1273,"D",57,40.4896,-105.123,S,-1,-1
1274,"F",5,40.6274,-105.082,S,-1,-1
1275,"A",20,40.6089,-105.004,S,-1,-1
1276,"E",8,40.5731,-105.117,S,-1,-1
1277,"D",25,40.528,-105.12,S,-1,-1
1278,"B",6,40.5329,-105.011,S,-1,-1
1279,"B",29,40.5449,-104.996,S,-1,-1
1280,"F",40,40.6108,-105.108,S,-1,-1
1281,"B",14,40.5407,-105.018,S,-1,-1
1282,"B",66,40.5666,-105.019,S,-1,-1
1283,"D",15,40.5153,-105.15,S,-1,-1
1284,"B",68,40.5721,-104.988,S,-1,-1
1285,"D",23,40.5171,-105.136,S,-1,-1
1286,"C",32,40.5087,-105.056,S,-1,-1
1287,"D",78,40.4763,-105.104,S,-1,-1
1288,"C",79,40.5222,-105.025,S,-1,-1
1289,"E",66,40.5536,-105.123,S,-1,-1
1290,"D",68,40.4919,-105.109,S,-1,-1
1291,"D",27,40.5091,-105.142,S,-1,-1
1292,"F",67,40.599,-105.122,S,-1,-1
1293,"E",54,40.5573,-105.141,S,-1,-1
1294,"E",70,40.5444,-105.17,S,-1,-1
1295,"C",68,40.4967,-105.008,S,-1,-1
1296,"C",81,40.5219,-105.023,S,-1,-1
1297,"E",32,40.5653,-105.119,S,-1,-1
1298,"B",14,40.5303,-104.984,S,-1,-1
1299,"F",39,40.6166,-105.111,S,-1,-1
1300,"F",43,40.6398,-105.128,S,-1,-1
1301,"D",48,40.5183,-105.111,S,-1,-1
1302,"A",30,40.5818,-105.051,S,-1,-1
1303,"B",46,40.5581,-105.047,S,-1,-1
1304,"F",67,40.623,-105.149,S,-1,-1
1305,"F",78,40.5812,-105.109,S,-1,-1
1306,"B",6,40.5212,-104.98,S,-1,-1
1307,"B",95,40.5809,-105.023,S,-1,-1
1308,"B",74,40.5805,-104.969,S,-1,-1
1309,"C",74,40.5342,-105.046,S,-1,-1
1310,"A",92,40.6338,-105.07,S,-1,-1
1311,"C",34,40.531,-105.065,S,-1,-1
1312,"F",6,40.6189,-105.082,S,-1,-1
1313,"E",68,40.5467,-105.165,S,-1,-1
1314,"B",24,40.5429,-105.004,S,-1,-1
1315,"B",35,40.5441,-104.962,S,-1,-1
1316,"E",39,40.5684,-105.177,S,-1,-1
1317,"B",4,40.525,-104.993,S,-1,-1
1318,"D",63,40.4997,-105.11,S,-1,-1
1319,"D",36,40.4923,-105.149,S,-1,-1
1320,"F",52,40.5952,-105.106,S,-1,-1
1321,"F",55,40.5712,-105.088,S,-1,-1
1322,"D",51,40.5341,-105.097,S,-1,-1
1323,"C",14,40.5039,-105.068,S,-1,-1
1324,"F",31,40.6373,-105.111,S,-1,-1
1325,"F",78,40.598,-105.132,S,-1,-1
1326,"E",85,40.5329,-105.168,S,-1,-1
1327,"B",36,40.5495,-104.995,S,-1,-1
1328,"D",5,40.547,-105.103,S,-1,-1
1329,"D",48,40.5087,-105.118,S,-1,-1
1330,"D",49,40.4965,-105.127,S,-1,-1
1331,"F",38,40.6339,-105.119,S,-1,-1
1332,"F",42,40.6291,-105.12,S,-1,-1
1333,"B",78,40.5775,-104.999,S,-1,-1
1334,"F",99,40.5703,-105.103,S,-1,-1
1335,"E",49,40.5599,-105.179,S,-1,-1
1336,"F",100,40.5783,-105.121,S,-1,-1
1337,"D",73,40.4889,-105.105,S,-1,-1
1338,"A",91,40.6427,-105.068,S,-1,-1
1339,"D",51,40.5475,-105.087,S,-1,-1
1340,"E",41,40.5661,-105.17,S,-1,-1
1341,"C",27,40.5429,-105.072,S,-1,-1
1342,"C",5,40.5178,-105.076,S,-1,-1
1343,"F",83,40.5711,-105.097,S,-1,-1
1344,"C",71,40.498,-105.005,S,-1,-1
1345,"C",15,40.4824,-105.063,S,-1,-1
1346,"E",6,40.5819,-105.136,S,-1,-1
1347,"E",75,40.5381,-105.181,S,-1,-1
1348,"C",69,40.5001,-105.01,S,-1,-1
1349,"D",38,40.4961,-105.142,S,-1,-1
1350,"B",27,40.5446,-105.002,S,-1,-1
1351,"C",40,40.5418,-105.068,S,-1,-1
1352,"B",93,40.5838,-105.011,S,-1,-1
1353,"C",9,40.479,-105.069,S,-1,-1
1354,"D",81,40.5412,-105.083,S,-1,-1
1355,"C",48,40.5355,-105.061,S,-1,-1
1356,"E",55,40.5567,-105.141,S,-1,-1
1357,"F",8,40.6204,-105.084,S,-1,-1
1358,"A",62,40.6325,-105.037,S,-1,-1
1359,"D",8,40.5295,-105.135,S,-1,-1
1360,"C",48,40.4982,-105.035,S,-1,-1
1361,"F",75,40.6109,-105.146,S,-1,-1
1362,"C",25,40.478,-105.051,S,-1,-1
1363,"F",12,40.5754,-105.081,S,-1,-1
1364,"E",53,40.5571,-105.18,S,-1,-1
1365,"C",7,40.4993,-105.073,S,-1,-1
1366,"C",37,40.499,-105.047,S,-1,-1
1367,"A",77,40.623,-105.058,S,-1,-1
1368,"D",77,40.482,-105.103,S,-1,-1
1369,"D",65,40.5147,-105.101,S,-1,-1
1370,"D",16,40.5141,-105.151,S,-1,-1
1371,"B",8,40.5226,-104.977,S,-1,-1
1372,"F",26,40.6431,-105.108,S,-1,-1
1373,"B",4,40.5276,-105.001,S,-1,-1
1374,"D",71,40.5165,-105.096,S,-1,-1
1375,"F",97,40.5782,-105.118,S,-1,-1
1376,"E",75,40.5418,-105.165,S,-1,-1
1377,"E",43,40.5617,-105.117,S,-1,-1
1378,"C",3,40.5094,-105.077,S,-1,-1
1379,"D",65,40.5319,-105.092,S,-1,-1
1380,"A",93,40.6485,-105.069,S,-1,-1
1381,"C",29,40.5014,-105.055,S,-1,-1
1382,"C",62,40.492,-105.011,S,-1,-1
1383,"C",10,40.4989,-105.071,S,-1,-1
1384,"E",72,40.5391,-105.191,S,-1,-1
1385,"C",81,40.4994,-104.99,S,-1,-1
1386,"B",72,40.5762,-104.983,S,-1,-1
1387,"A",84,40.6184,-105.065,S,-1,-1
1388,"D",27,40.5128,-105.137,S,-1,-1
1389,"C",41,40.491,-105.038,S,-1,-1
1390,"C",97,40.5384,-105.034,S,-1,-1
1391,"F",43,40.6033,-105.106,S,-1,-1
1392,"B",55,40.5627,-104.978,S,-1,-1
1393,"D",52,40.4933,-105.127,S,-1,-1
1394,"D",92,40.4818,-105.087,S,-1,-1
1395,"C",11,40.4888,-105.068,S,-1,-1
1396,"B",70,40.5773,-104.963,S,-1,-1
1397,"C",84,40.5359,-105.041,S,-1,-1
1398,"B",66,40.5735,-104.964,S,-1,-1
1399,"E",95,40.5425,-105.121,S,-1,-1
1400,"C",75,40.5142,-105.019,S,-1,-1
1401,"A",69,40.6329,-105.046,S,-1,-1
1402,"D",15,40.5089,-105.161,S,-1,-1
1403,"F",23,40.6464,-105.105,S,-1,-1
1404,"B",45,40.5573,-105.038,S,-1,-1
1405,"F",15,40.6393,-105.093,S,-1,-1
1406,"E",89,40.5262,-105.177,S,-1,-1
1407,"D",46,40.5229,-105.109,S,-1,-1
1408,"F",74,40.6014,-105.133,S,-1,-1
1409,"C",37,40.4773,-105.036,S,-1,-1
1410,"F",63,40.5745,-105.094,S,-1,-1
1411,"A",35,40.6228,-105.009,S,-1,-1
1412,"D",95,40.4868,-105.083,S,-1,-1
1413,"A",60,40.6218,-105.042,S,-1,-1
1414,"F",86,40.6013,-105.147,S,-1,-1
1415,"A",66,40.6293,-105.043,S,-1,-1
1416,"E",31,40.5717,-105.157,S,-1,-1
1417,"C",31,40.4782,-105.043,S,-1,-1
1418,"C",8,40.4781,-105.07,S,-1,-1
1419,"C",24,40.5041,-105.06,S,-1,-1
1420,"E",79,40.5321,-105.19,S,-1,-1
1421,"F",81,40.6086,-105.151,S,-1,-1
1422,"C",8,40.4913,-105.072,S,-1,-1
1423,"D",5,40.5228,-105.152,S,-1,-1
1424,"F",35,40.6133,-105.105,S,-1,-1
1425,"F",21,40.609,-105.092,S,-1,-1
1426,"E",42,40.5661,-105.186,S,-1,-1
1427,"F",58,40.568,-105.086,S,-1,-1
1428,"E",31,40.5744,-105.177,S,-1,-1
1429,"D",65,40.5389,-105.088,S,-1,-1
1430,"F",51,40.622,-105.126,S,-1,-1
1431,"F",3,40.6229,-105.08,S,-1,-1
1432,"D",42,40.5105,-105.123,S,-1,-1
1433,"C",74,40.5202,-105.029,S,-1,-1
1434,"F",52,40.5844,-105.098,S,-1,-1
1435,"F",72,40.6106,-105.141,S,-1,-1
1436,"A",31,40.6128,-105.016,S,-1,-1
1437,"A",41,40.627,-105.015,S,-1,-1
1438,"B",71,40.5652,-105.043,S,-1,-1
1439,"B",37,40.5492,-104.986,S,-1,-1
1440,"F",61,40.6194,-105.136,S,-1,-1
1441,"B",72,40.5695,-105.021,S,-1,-1
1442,"B",53,40.561,-104.982,S,-1,-1
1443,"F",64,40.5697,-105.089,S,-1,-1
1444,"A",35,40.6106,-105.023,S,-1,-1
1445,"F",86,40.5625,-105.084,S,-1,-1
1446,"F",60,40.589,-105.106,S,-1,-1
1447,"E",26,40.5754,-105.16,S,-1,-1
1448,"A",54,40.621,-105.035,S,-1,-1
1449,"F",73,40.596,-105.124,S,-1,-1
1450,"E",64,40.5506,-105.157,S,-1,-1
1451,"F",85,40.6003,-105.144,S,-1,-1
1452,"D",99,40.5161,-105.079,S,-1,-1
1453,"E",49,40.5605,-105.179,S,-1,-1
1454,"F",74,40.6179,-105.154,S,-1,-1
1455,"F",44,40.6225,-105.119,S,-1,-1
1456,"C",70,40.5282,-105.042,S,-1,-1
1457,"A",27,40.6009,-105.025,S,-1,-1
1458,"F",32,40.6092,-105.1,S,-1,-1
1459,"A",19,40.5916,-105.029,S,-1,-1
1460,"F",23,40.608,-105.093,S,-1,-1
1461,"F",91,40.6041,-105.162,S,-1,-1
1462,"D",86,40.4849,-105.093,S,-1,-1
1463,"D",14,40.5442,-105.103,S,-1,-1
1464,"F",26,40.5938,-105.09,S,-1,-1
1465,"B",17,40.533,-104.987,S,-1,-1
1466,"E",79,40.5382,-105.167,S,-1,-1
1467,"B",9,40.5243,-104.979,S,-1,-1
1468,"B",24,40.5389,-104.986,S,-1,-1
1469,"E",11,40.5856,-105.155,S,-1,-1
1470,"F",59,40.6287,-105.142,S,-1,-1
1471,"B",67,40.5745,-104.967,S,-1,-1
1472,"D",29,40.4955,-105.156,S,-1,-1
1473,"D",46,40.4994,-105.128,S,-1,-1
1474,"D",37,40.509,-105.13,S,-1,-1
1475,"C",79,40.508,-105.005,S,-1,-1
1476,"E",98,40.5262,-105.156,S,-1,-1
1477,"E",29,40.5747,-105.169,S,-1,-1
1478,"B",41,40.5549,-105.02,S,-1,-1
1479,"F",48,40.617,-105.119,S,-1,-1
1480,"C",28,40.5153,-105.061,S,-1,-1
1481,"A",43,40.6173,-105.026,S,-1,-1
1482,"B",52,40.5602,-104.998,S,-1,-1
1483,"B",38,40.5539,-105.023,S,-1,-1
1484,"C",74,40.5058,-105.01,S,-1,-1
1485,"C",47,40.5055,-105.04,S,-1,-1
1486,"E",1,40.5857,-105.139,S,-1,-1
1487,"B",28,40.545,-105.003,S,-1,-1
1488,"D",86,40.4749,-105.095,S,-1,-1
1489,"D",99,40.5361,-105.078,S,-1,-1
1490,"A",15,40.5809,-105.042,S,-1,-1
1491,"C",79,40.5174,-105.019,S,-1,-1
1492,"B",61,40.5678,-104.982,S,-1,-1
1493,"E",53,40.5567,-105.177,S,-1,-1
1494,"C",69,40.5452,-105.062,S,-1,-1
1495,"D",72,40.4757,-105.111,S,-1,-1
1496,"D",65,40.532,-105.092,S,-1,-1
1497,"C",54,40.5416,-105.064,S,-1,-1
1498,"B",10,40.5225,-104.973,S,-1,-1
1499,"D",72,40.5062,-105.099,S,-1,-1
1500,"B",58,40.5618,-105.037,S,-1,-1
1501,"C",55,40.4925,-105.022,S,-1,-1
1502,"F",33,40.5923,-105.093,S,-1,-1
1503,"C",61,40.5288,-105.048,S,-1,-1
1504,"F",75,40.622,-105.16,S,-1,-1
1505,"B",29,40.5535,-105.045,S,-1,-1
1506,"C",72,40.5195,-105.03,S,-1,-1
1507,"B",14,40.5449,-105.031,S,-1,-1
1508,"C",14,40.4844,-105.064,S,-1,-1
1509,"E",36,40.5722,-105.193,S,-1,-1
1510,"F",72,40.6163,-105.149,S,-1,-1
1511,"A",66,40.5782,-105.069,S,-1,-1
1512,"A",60,40.6389,-105.03,S,-1,-1
1513,"D",45,40.5266,-105.106,S,-1,-1
1514,"D",57,40.5034,-105.113,S,-1,-1
1515,"A",87,40.6358,-105.064,S,-1,-1
1516,"D",16,40.5051,-105.164,S,-1,-1
1517,"F",80,40.6116,-105.154,S,-1,-1
1518,"F",15,40.6164,-105.089,S,-1,-1
1519,"E",96,40.5523,-105.096,S,-1,-1
1520,"C",1,40.4736,-105.078,S,-1,-1
1521,"D",55,40.4956,-105.121,S,-1,-1
1522,"E",98,40.5172,-105.179,S,-1,-1
1523,"C",65,40.5089,-105.025,S,-1,-1
1524,"C",23,40.4823,-105.054,S,-1,-1
1525,"F",47,40.6048,-105.11,S,-1,-1
1526,"A",21,40.5862,-105.039,S,-1,-1
1527,"B",19,40.5368,-104.995,S,-1,-1
1528,"C",91,40.5303,-105.024,S,-1,-1
1529,"A",8,40.6054,-104.989,S,-1,-1
1530,"E",30,40.5754,-105.175,S,-1,-1
1531,"B",90,40.5872,-104.996,S,-1,-1
1532,"E",51,40.559,-105.154,S,-1,-1
1533,"C",62,40.4958,-105.015,S,-1,-1
1534,"E",95,40.529,-105.155,S,-1,-1
1535,"D",61,40.5442,-105.087,S,-1,-1
1536,"B",37,40.5464,-104.961,S,-1,-1
1537,"E",11,40.574,-105.122,S,-1,-1
1538,"E",84,40.5285,-105.188,S,-1,-1
1539,"E",78,40.5426,-105.149,S,-1,-1
1540,"E",2,40.6004,-105.174,S,-1,-1
1541,"B",23,40.5463,-105.021,S,-1,-1
1542,"B",29,40.5447,-104.998,S,-1,-1
1543,"A",57,40.5929,-105.056,S,-1,-1
1544,"F",90,40.612,-105.172,S,-1,-1
1545,"E",59,40.5525,-105.168,S,-1,-1
1546,"C",99,40.5398,-105.035,S,-1,-1
1547,"F",13,40.6287,-105.09,S,-1,-1
1548,"D",56,40.5293,-105.098,S,-1,-1
1549,"F",21,40.5979,-105.089,S,-1,-1
1550,"E",28,40.5735,-105.154,S,-1,-1
1551,"E",19,40.5804,-105.159,S,-1,-1
1552,"F",15,40.5984,-105.086,S,-1,-1
1553,"D",17,40.5488,-105.094,S,-1,-1
1554,"D",91,40.4705,-105.089,S,-1,-1
1555,"A",69,40.5886,-105.065,S,-1,-1
1556,"B",47,40.5574,-105.02,S,-1,-1
1557,"F",95,40.5877,-105.135,S,-1,-1
1558,"C",69,40.5503,-105.068,S,-1,-1
1559,"F",73,40.5936,-105.121,S,-1,-1
1560,"C",6,40.4884,-105.073,S,-1,-1
1561,"E",48,40.5611,-105.191,S,-1,-1
1562,"D",79,40.5068,-105.093,S,-1,-1
1563,"C",76,40.5138,-105.017,S,-1,-1
1564,"C",99,40.5306,-105.015,S,-1,-1
1565,"A",91,40.6293,-105.069,S,-1,-1
1566,"E",11,40.5889,-105.165,S,-1,-1
1567,"F",7,40.6164,-105.083,S,-1,-1
1568,"E",24,40.5789,-105.167,S,-1,-1
1569,"B",15,40.5503,-105.048,S,-1,-1
1570,"B",9,40.5513,-105.056,S,-1,-1
1571,"F",79,40.581,-105.109,S,-1,-1
1572,"A",32,40.5962,-105.036,S,-1,-1
1573,"E",89,40.5332,-105.157,S,-1,-1
1574,"D",61,40.4799,-105.124,S,-1,-1
1575,"F",53,40.6249,-105.132,S,-1,-1
1576,"C",39,40.4923,-105.041,S,-1,-1
1577,"D",23,40.5247,-105.126,S,-1,-1
1578,"D",38,40.5017,-105.136,S,-1,-1
1579,"D",32,40.5084,-105.136,S,-1,-1
1580,"D",62,40.5135,-105.103,S,-1,-1
1581,"B",4,40.5249,-104.995,S,-1,-1
1582,"C",62,40.5342,-105.053,S,-1,-1
1583,"E",77,40.5467,-105.135,S,-1,-1
1584,"F",19,40.6228,-105.094,S,-1,-1
1585,"B",12,40.548,-105.044,S,-1,-1
1586,"B",46,40.5565,-104.995,S,-1,-1
1587,"B",20,40.5309,-104.967,S,-1,-1
1588,"F",51,40.6294,-105.133,S,-1,-1
1589,"C",6,40.4796,-105.073,S,-1,-1
1590,"E",65,40.5451,-105.193,S,-1,-1
1591,"B",80,40.5696,-105.036,S,-1,-1
1592,"A",67,40.5798,-105.068,S,-1,-1
1593,"E",15,40.5855,-105.166,S,-1,-1
1594,"B",16,40.5341,-104.993,S,-1,-1
1595,"A",32,40.5803,-105.054,S,-1,-1
1596,"E",82,40.5354,-105.168,S,-1,-1
1597,"C",47,40.4922,-105.032,S,-1,-1
1598,"F",58,40.625,-105.138,S,-1,-1
1599,"B",32,40.5418,-104.965,S,-1,-1
1600,"A",41,40.6189,-105.022,S,-1,-1
1601,"D",88,40.5234,-105.084,S,-1,-1
1602,"F",56,40.6296,-105.138,S,-1,-1
1603,"F",69,40.5929,-105.117,S,-1,-1
1604,"F",46,40.6224,-105.121,S,-1,-1
1605,"F",89,40.5747,-105.105,S,-1,-1
1606,"D",50,40.4868,-105.133,S,-1,-1
1607,"C",42,40.5287,-105.059,S,-1,-1
1608,"B",70,40.5767,-104.968,S,-1,-1
1609,"A",31,40.605,-105.024,S,-1,-1
1610,"C",92,40.5107,-104.987,S,-1,-1
1611,"D",28,40.5095,-105.14,S,-1,-1
1612,"B",99,40.5946,-104.996,S,-1,-1
1613,"D",48,40.5003,-105.126,S,-1,-1
1614,"C",78,40.5249,-105.031,S,-1,-1
1615,"C",69,40.4979,-105.007,S,-1,-1
1616,"A",57,40.6316,-105.031,S,-1,-1
1617,"B",29,40.5398,-104.97,S,-1,-1
1618,"D",53,40.4857,-105.13,S,-1,-1
1619,"B",43,40.5544,-104.999,S,-1,-1
1620,"E",22,40.5855,-105.188,S,-1,-1
1621,"E",54,40.5557,-105.188,S,-1,-1
1622,"D",33,40.5069,-105.136,S,-1,-1
1623,"C",59,40.5173,-105.039,S,-1,-1
1624,"C",89,40.5075,-104.987,S,-1,-1
1625,"A",86,40.6064,-105.069,S,-1,-1
1626,"E",96,40.5379,-105.132,S,-1,-1
1627,"C",89,40.5069,-104.986,S,-1,-1
1628,"A",82,40.6324,-105.06,S,-1,-1
1629,"E",30,40.5654,-105.116,S,-1,-1
1630,"E",49,40.56,-105.142,S,-1,-1
1631,"F",83,40.5953,-105.134,S,-1,-1
1632,"E",24,40.5762,-105.157,S,-1,-1
1633,"B",73,40.5737,-105,S,-1,-1
1634,"B",97,40.5983,-104.983,S,-1,-1
1635,"D",69,40.5048,-105.102,S,-1,-1
1636,"B",73,40.5749,-104.992,S,-1,-1
1637,"B",41,40.5529,-105,S,-1,-1
1638,"C",53,40.5381,-105.061,S,-1,-1
1639,"F",76,40.5876,-105.116,S,-1,-1
1640,"E",8,40.5645,-105.093,S,-1,-1
1641,"F",37,40.637,-105.119,S,-1,-1
1642,"A",9,40.5902,-105.019,S,-1,-1
1643,"E",4,40.5824,-105.135,S,-1,-1
1644,"D",42,40.5001,-105.133,S,-1,-1
1645,"D",83,40.5302,-105.085,S,-1,-1
1646,"C",45,40.5408,-105.066,S,-1,-1
1647,"E",48,40.5606,-105.167,S,-1,-1
1648,"A",8,40.605,-104.989,S,-1,-1
1649,"F",95,40.5784,-105.117,S,-1,-1
1650,"E",67,40.5451,-105.185,S,-1,-1
1651,"B",65,40.5631,-105.045,S,-1,-1
1652,"F",54,40.6067,-105.118,S,-1,-1
1653,"C",77,40.5022,-105.001,S,-1,-1
1654,"B",15,40.5352,-104.998,S,-1,-1
1655,"D",52,40.4864,-105.132,S,-1,-1
1656,"C",94,40.5203,-105.001,S,-1,-1
1657,"E",42,40.5648,-105.163,S,-1,-1
1658,"D",2,40.5345,-105.133,S,-1,-1
1659,"E",55,40.5554,-105.176,S,-1,-1
1660,"E",83,40.5456,-105.127,S,-1,-1
1661,"F",61,40.6237,-105.141,S,-1,-1
1662,"C",98,40.5314,-105.017,S,-1,-1
1663,"E",16,40.5889,-105.181,S,-1,-1
1664,"F",97,40.5928,-105.15,S,-1,-1
1665,"F",39,40.5842,-105.092,S,-1,-1
1666,"F",44,40.5995,-105.104,S,-1,-1
1667,"E",67,40.5477,-105.164,S,-1,-1
1668,"B",16,40.5349,-104.994,S,-1,-1
1669,"C",29,40.5022,-105.055,S,-1,-1
1670,"A",16,40.5934,-105.023,S,-1,-1
1671,"B",29,40.5559,-105.06,S,-1,-1
1672,"E",82,40.5407,-105.147,S,-1,-1
1673,"E",20,40.5843,-105.178,S,-1,-1
1674,"E",92,40.5298,-105.159,S,-1,-1
1675,"F",95,40.5978,-105.157,S,-1,-1
1676,"A",46,40.6311,-105.017,S,-1,-1
1677,"E",72,40.5508,-105.125,S,-1,-1
1678,"A",83,40.5911,-105.07,S,-1,-1
1679,"B",55,40.5633,-104.969,S,-1,-1
1680,"A",28,40.6186,-105.004,S,-1,-1
1681,"F",23,40.6301,-105.1,S,-1,-1
1682,"A",36,40.5916,-105.044,S,-1,-1
1683,"D",29,40.5089,-105.139,S,-1,-1
1684,"B",90,40.5752,-105.031,S,-1,-1
1685,"F",15,40.6331,-105.093,S,-1,-1
1686,"B",40,40.5507,-104.98,S,-1,-1
1687,"E",21,40.585,-105.184,S,-1,-1
1688,"A",31,40.6154,-105.012,S,-1,-1
1689,"D",68,40.5053,-105.103,S,-1,-1
1690,"D",14,40.5224,-105.139,S,-1,-1
1691,"E",96,40.5226,-105.17,S,-1,-1
1692,"F",81,40.5807,-105.11,S,-1,-1
1693,"A",30,40.6147,-105.011,S,-1,-1
1694,"D",65,40.5196,-105.098,S,-1,-1
1695,"C",69,40.5106,-105.023,S,-1,-1
1696,"D",37,40.504,-105.134,S,-1,-1
1697,"F",44,40.6179,-105.116,S,-1,-1
1698,"C",91,40.5145,-104.995,S,-1,-1
1699,"D",75,40.5266,-105.09,S,-1,-1
1700,"F",23,40.6399,-105.103,S,-1,-1
1701,"C",89,40.5435,-105.05,S,-1,-1
1702,"D",52,40.5259,-105.102,S,-1,-1
1703,"A",5,40.5889,-105.017,S,-1,-1
1704,"F",53,40.578,-105.093,S,-1,-1
1705,"C",56,40.4916,-105.02,S,-1,-1
1706,"A",54,40.6115,-105.041,S,-1,-1
1707,"B",61,40.5687,-104.971,S,-1,-1
1708,"F",33,40.5992,-105.096,S,-1,-1
1709,"B",53,40.5617,-104.96,S,-1,-1
1710,"C",73,40.5127,-105.02,S,-1,-1
1711,"B",41,40.5519,-104.982,S,-1,-1
1712,"E",7,40.5985,-105.182,S,-1,-1
1713,"D",94,40.4775,-105.085,S,-1,-1
1714,"A",45,40.6242,-105.021,S,-1,-1
1715,"E",9,40.5853,-105.151,S,-1,-1
1716,"B",37,40.5529,-105.02,S,-1,-1
1717,"C",89,40.5423,-105.048,S,-1,-1
1718,"B",34,40.5455,-104.975,S,-1,-1
1719,"E",18,40.585,-105.174,S,-1,-1
1720,"B",71,40.5653,-105.041,S,-1,-1
1721,"D",71,40.5048,-105.101,S,-1,-1
1722,"E",93,40.541,-105.127,S,-1,-1
1723,"E",85,40.5503,-105.108,S,-1,-1
1724,"C",24,40.5195,-105.065,S,-1,-1
1725,"D",6,40.5253,-105.147,S,-1,-1
1726,"C",28,40.5065,-105.058,S,-1,-1
1727,"F",54,40.6015,-105.113,S,-1,-1
1728,"F",80,40.5734,-105.099,S,-1,-1
1729,"A",66,40.5752,-105.07,S,-1,-1
1730,"F",23,40.6324,-105.101,S,-1,-1
1731,"F",58,40.6018,-105.116,S,-1,-1
1732,"B",31,40.5449,-104.99,S,-1,-1
1733,"A",21,40.6171,-104.995,S,-1,-1
1734,"A",42,40.6231,-105.02,S,-1,-1
1735,"A",58,40.5989,-105.053,S,-1,-1
1736,"B",20,40.5422,-105.011,S,-1,-1
1737,"C",12,40.4775,-105.065,S,-1,-1
1738,"F",1,40.6061,-105.078,S,-1,-1
1739,"B",84,40.5717,-105.033,S,-1,-1
1740,"D",92,40.4965,-105.085,S,-1,-1
1741,"A",22,40.5998,-105.021,S,-1,-1
1742,"D",47,40.5031,-105.124,S,-1,-1
1743,"C",85,40.5079,-104.996,S,-1,-1
1744,"D",74,40.4735,-105.109,S,-1,-1
1745,"F",95,40.5892,-105.139,S,-1,-1
1746,"F",34,40.6024,-105.099,S,-1,-1
1747,"D",12,40.5149,-105.156,S,-1,-1
1748,"F",66,40.6095,-105.133,S,-1,-1
1749,"F",32,40.5976,-105.095,S,-1,-1
1750,"D",48,40.5169,-105.112,S,-1,-1
1751,"F",95,40.6012,-105.163,S,-1,-1
1752,"C",68,40.5116,-105.024,S,-1,-1
1753,"C",85,40.5024,-104.987,S,-1,-1
1754,"F",35,40.5967,-105.097,S,-1,-1
1755,"F",5,40.6388,-105.083,S,-1,-1
1756,"E",45,40.5637,-105.181,S,-1,-1
1757,"E",28,40.5661,-105.115,S,-1,-1
1758,"D",18,40.5173,-105.143,S,-1,-1
1759,"A",19,40.6168,-104.991,S,-1,-1
1760,"C",53,40.5119,-105.04,S,-1,-1
1761,"B",20,40.5417,-105.008,S,-1,-1
1762,"E",28,40.567,-105.12,S,-1,-1
1763,"A",47,40.5968,-105.047,S,-1,-1
1764,"B",85,40.5718,-105.035,S,-1,-1
1765,"E",34,40.5734,-105.184,S,-1,-1
1766,"A",92,40.6427,-105.069,S,-1,-1
1767,"A",5,40.591,-105.013,S,-1,-1
1768,"E",2,40.5747,-105.114,S,-1,-1
1769,"F",61,40.609,-105.126,S,-1,-1
1770,"D",20,40.5358,-105.112,S,-1,-1
1771,"D",90,40.5105,-105.085,S,-1,-1
1772,"C",81,40.5261,-105.029,S,-1,-1
1773,"E",33,40.5747,-105.186,S,-1,-1
1774,"A",52,40.5931,-105.053,S,-1,-1
1775,"A",89,40.6285,-105.067,S,-1,-1
1776,"D",97,40.5351,-105.079,S,-1,-1
1777,"A",29,40.583,-105.049,S,-1,-1
1778,"A",51,40.6342,-105.022,S,-1,-1
1779,"D",30,40.5021,-105.147,S,-1,-1
1780,"E",31,40.5668,-105.127,S,-1,-1
1781,"D",8,40.5082,-105.175,S,-1,-1
1782,"A",56,40.6363,-105.027,S,-1,-1
1783,"F",51,40.5923,-105.104,S,-1,-1
1784,"B",45,40.5546,-104.978,S,-1,-1
1785,"D",17,40.5219,-105.136,S,-1,-1
1786,"E",86,40.5345,-105.16,S,-1,-1
1787,"B",15,40.5412,-105.018,S,-1,-1
1788,"A",69,40.5977,-105.061,S,-1,-1
1789,"B",56,40.5632,-104.989,S,-1,-1
1790,"E",25,40.5709,-105.135,S,-1,-1
1791,"B",43,40.5535,-104.989,S,-1,-1
1792,"D",43,40.5025,-105.129,S,-1,-1
1793,"F",91,40.6094,-105.17,S,-1,-1
1794,"F",61,40.5914,-105.109,S,-1,-1
1795,"D",37,40.5307,-105.107,S,-1,-1
1796,"C",97,40.5287,-105.013,S,-1,-1
1797,"F",29,40.568,-105.082,S,-1,-1
1798,"B",47,40.557,-104.999,S,-1,-1
1799,"F",96,40.5836,-105.128,S,-1,-1
1800,"F",93,40.6003,-105.157,S,-1,-1
1801,"E",99,40.5309,-105.144,S,-1,-1
1802,"F",3,40.6221,-105.08,S,-1,-1
1803,"C",94,40.5213,-105.004,S,-1,-1
1804,"B",86,40.5827,-105,S,-1,-1
1805,"C",5,40.5132,-105.075,S,-1,-1
1806,"A",27,40.5871,-105.042,S,-1,-1
1807,"D",89,40.519,-105.084,S,-1,-1
1808,"F",12,40.5856,-105.082,S,-1,-1
1809,"F",17,40.6163,-105.091,S,-1,-1
1810,"C",57,40.5131,-105.038,S,-1,-1
1811,"E",89,40.5325,-105.159,S,-1,-1
1812,"D",63,40.4842,-105.118,S,-1,-1
1813,"E",4,40.5985,-105.175,S,-1,-1
1814,"D",7,40.5276,-105.141,S,-1,-1
1815,"C",2,40.4769,-105.077,S,-1,-1
1816,"F",69,40.617,-105.145,S,-1,-1
1817,"C",63,40.507,-105.026,S,-1,-1
1818,"A",54,40.6267,-105.031,S,-1,-1
1819,"C",74,40.4966,-104.997,S,-1,-1
1820,"C",30,40.4745,-105.043,S,-1,-1
1821,"F",3,40.6167,-105.08,S,-1,-1
1822,"C",25,40.5102,-105.061,S,-1,-1
1823,"A",34,40.5988,-105.035,S,-1,-1
1824,"A",27,40.6127,-105.01,S,-1,-1
1825,"C",81,40.5555,-105.073,S,-1,-1
1826,"B",74,40.5785,-104.977,S,-1,-1
1827,"A",97,40.6286,-105.075,S,-1,-1
1828,"E",43,40.5641,-105.162,S,-1,-1
1829,"B",61,40.5671,-104.984,S,-1,-1
1830,"B",31,40.5466,-104.999,S,-1,-1
1831,"B",14,40.534,-104.997,S,-1,-1
1832,"D",86,40.4883,-105.092,S,-1,-1
1833,"B",68,40.572,-104.987,S,-1,-1
1834,"C",77,40.5501,-105.066,S,-1,-1
1835,"A",18,40.6074,-105.003,S,-1,-1
1836,"E",48,40.561,-105.169,S,-1,-1
1837,"E",27,40.5808,-105.192,S,-1,-1
1838,"A",96,40.6455,-105.074,S,-1,-1
1839,"F",15,40.5739,-105.081,S,-1,-1
1840,"B",80,40.5862,-104.97,S,-1,-1
1841,"C",56,40.4874,-105.016,S,-1,-1
1842,"E",23,40.5746,-105.146,S,-1,-1
1843,"F",37,40.6242,-105.113,S,-1,-1
1844,"D",44,40.5328,-105.101,S,-1,-1
1845,"B",78,40.5772,-104.998,S,-1,-1
1846,"E",63,40.5558,-105.11,S,-1,-1
1847,"E",93,40.5278,-105.163,S,-1,-1
1848,"F",30,40.6193,-105.103,S,-1,-1
1849,"B",3,40.5275,-105.002,S,-1,-1
1850,"C",40,40.5082,-105.049,S,-1,-1
1851,"A",77,40.6432,-105.051,S,-1,-1
1852,"A",70,40.6241,-105.05,S,-1,-1
1853,"F",17,40.6392,-105.096,S,-1,-1
1854,"D",83,40.4764,-105.097,S,-1,-1
1855,"A",56,40.63,-105.032,S,-1,-1
1856,"F",100,40.5853,-105.137,S,-1,-1
1857,"F",39,40.6378,-105.122,S,-1,-1
1858,"E",58,40.5552,-105.139,S,-1,-1
1859,"F",13,40.6381,-105.091,S,-1,-1
1860,"B",13,40.5305,-104.988,S,-1,-1
1861,"F",79,40.6101,-105.151,S,-1,-1
1862,"C",26,40.4725,-105.047,S,-1,-1
1863,"E",94,40.5215,-105.176,S,-1,-1
1864,"B",69,40.5615,-105.063,S,-1,-1
1865,"B",76,40.5761,-104.997,S,-1,-1
1866,"C",76,40.5509,-105.067,S,-1,-1
1867,"F",45,40.6172,-105.117,S,-1,-1
1868,"D",57,40.5351,-105.093,S,-1,-1
1869,"F",44,40.6311,-105.125,S,-1,-1
1870,"C",7,40.5197,-105.074,S,-1,-1
1871,"E",8,40.5876,-105.155,S,-1,-1
1872,"D",93,40.4754,-105.086,S,-1,-1
1873,"F",57,40.588,-105.104,S,-1,-1
1874,"D",51,40.5002,-105.122,S,-1,-1
1875,"C",2,40.5002,-105.077,S,-1,-1
1876,"D",12,40.5295,-105.13,S,-1,-1
1877,"E",15,40.5791,-105.146,S,-1,-1
1878,"E",14,40.5892,-105.175,S,-1,-1
1879,"F",30,40.6188,-105.103,S,-1,-1
1880,"D",52,40.4808,-105.135,S,-1,-1
1881,"E",68,40.556,-105.1,S,-1,-1
1882,"E",28,40.5734,-105.157,S,-1,-1
1883,"B",48,40.557,-104.965,S,-1,-1
1884,"B",97,40.5976,-104.985,S,-1,-1
1885,"D",45,40.5242,-105.108,S,-1,-1
1886,"C",86,40.5073,-104.993,S,-1,-1
1887,"C",3,40.475,-105.076,S,-1,-1
1888,"F",22,40.5848,-105.086,S,-1,-1
1889,"E",10,40.5817,-105.143,S,-1,-1
1890,"C",42,40.483,-105.031,S,-1,-1
1891,"B",63,40.564,-105.03,S,-1,-1
1892,"B",93,40.5708,-105.047,S,-1,-1
1893,"F",93,40.6034,-105.163,S,-1,-1
1894,"E",5,40.592,-105.16,S,-1,-1
1895,"F",41,40.6117,-105.109,S,-1,-1
1896,"F",6,40.6387,-105.084,S,-1,-1
1897,"D",59,40.529,-105.096,S,-1,-1
1898,"E",38,40.5685,-105.169,S,-1,-1
1899,"B",49,40.5589,-105.046,S,-1,-1
1900,"F",26,40.5979,-105.092,S,-1,-1
1901,"B",16,40.5276,-104.969,S,-1,-1
1902,"B",73,40.5725,-105.006,S,-1,-1
1903,"A",59,40.5957,-105.056,S,-1,-1
1904,"E",84,40.549,-105.114,S,-1,-1
1905,"C",79,40.5484,-105.063,S,-1,-1
1906,"A",26,40.6093,-105.013,S,-1,-1
1907,"F",24,40.5894,-105.088,S,-1,-1
1908,"F",8,40.6324,-105.085,S,-1,-1
1909,"D",54,40.4969,-105.121,S,-1,-1
1910,"F",10,40.6108,-105.085,S,-1,-1
1911,"D",35,40.4954,-105.146,S,-1,-1
1912,"A",96,40.6284,-105.074,S,-1,-1
1913,"C",3,40.483,-105.076,S,-1,-1
1914,"E",42,40.5672,-105.195,S,-1,-1
1915,"C",5,40.4916,-105.074,S,-1,-1
1916,"B",71,40.5637,-105.051,S,-1,-1
1917,"D",52,40.4844,-105.132,S,-1,-1
1918,"B",53,40.5609,-104.993,S,-1,-1
1919,"F",7,40.6372,-105.084,S,-1,-1
1920,"C",95,40.5317,-105.022,S,-1,-1
1921,"A",25,40.6071,-105.014,S,-1,-1
1922,"F",57,40.6098,-105.123,S,-1,-1
1923,"F",89,40.6124,-105.172,S,-1,-1
1924,"C",46,40.5141,-105.048,S,-1,-1
1925,"E",94,40.52,-105.18,S,-1,-1
1926,"F",8,40.6321,-105.085,S,-1,-1
1927,"D",63,40.4769,-105.123,S,-1,-1
1928,"E",4,40.5932,-105.161,S,-1,-1
1929,"D",18,40.5207,-105.138,S,-1,-1
1930,"C",100,40.5173,-104.984,S,-1,-1
1931,"F",77,40.5995,-105.133,S,-1,-1
1932,"F",48,40.6161,-105.119,S,-1,-1
1933,"D",90,40.5307,-105.082,S,-1,-1
1934,"F",11,40.5853,-105.082,S,-1,-1
1935,"F",54,40.631,-105.137,S,-1,-1
1936,"F",86,40.5945,-105.136,S,-1,-1
1937,"A",79,40.6409,-105.054,S,-1,-1
1938,"B",3,40.519,-104.983,S,-1,-1
1939,"E",99,40.5204,-105.169,S,-1,-1
1940,"F",65,40.5912,-105.112,S,-1,-1
1941,"D",65,40.5311,-105.092,S,-1,-1
1942,"D",52,40.5166,-105.109,S,-1,-1
1943,"A",20,40.5704,-105.062,S,-1,-1
1944,"C",23,40.4743,-105.052,S,-1,-1
1945,"D",7,40.5438,-105.109,S,-1,-1
1946,"C",85,40.5201,-105.015,S,-1,-1
1947,"A",29,40.6145,-105.011,S,-1,-1
1948,"F",83,40.5806,-105.111,S,-1,-1
1949,"D",49,40.4818,-105.138,S,-1,-1
1950,"F",79,40.6108,-105.151,S,-1,-1
1951,"B",28,40.5409,-104.979,S,-1,-1
1952,"F",13,40.6347,-105.091,S,-1,-1
1953,"B",16,40.5333,-104.989,S,-1,-1
1954,"D",4,40.5394,-105.12,S,-1,-1
1955,"A",57,40.5734,-105.069,S,-1,-1
1956,"C",99,40.555,-105.069,S,-1,-1
1957,"E",24,40.5721,-105.136,S,-1,-1
1958,"F",57,40.6194,-105.132,S,-1,-1
1959,"D",53,40.5156,-105.109,S,-1,-1
1960,"B",37,40.5484,-104.978,S,-1,-1
1961,"D",89,40.5139,-105.085,S,-1,-1
1962,"A",14,40.6009,-105.008,S,-1,-1
1963,"E",95,40.543,-105.12,S,-1,-1
1964,"D",27,40.5334,-105.111,S,-1,-1
1965,"D",79,40.5341,-105.085,S,-1,-1
1966,"B",99,40.6028,-104.976,S,-1,-1
1967,"A",3,40.6014,-104.987,S,-1,-1
1968,"E",53,40.5585,-105.114,S,-1,-1
1969,"A",22,40.5768,-105.053,S,-1,-1
1970,"E",53,40.5563,-105.195,S,-1,-1
1971,"E",37,40.5667,-105.149,S,-1,-1
1972,"D",79,40.5115,-105.092,S,-1,-1
1973,"B",66,40.5698,-104.992,S,-1,-1
1974,"E",51,40.5582,-105.186,S,-1,-1
1975,"F",81,40.6044,-105.146,S,-1,-1
1976,"F",53,40.5702,-105.087,S,-1,-1
1977,"D",50,40.4841,-105.136,S,-1,-1
1978,"A",20,40.5957,-105.024,S,-1,-1
1979,"A",64,40.6222,-105.045,S,-1,-1
1980,"D",29,40.5349,-105.108,S,-1,-1
1981,"B",63,40.5661,-105.012,S,-1,-1
1982,"D",23,40.5338,-105.113,S,-1,-1
1983,"E",42,40.5619,-105.12,S,-1,-1
1984,"F",83,40.6083,-105.155,S,-1,-1
1985,"B",99,40.6011,-104.981,S,-1,-1
1986,"D",88,40.4724,-105.092,S,-1,-1
1987,"B",37,40.5466,-104.962,S,-1,-1
1988,"D",2,40.5177,-105.17,S,-1,-1
1989,"D",9,40.5211,-105.15,S,-1,-1
1990,"C",21,40.4755,-105.054,S,-1,-1
1991,"F",56,40.6041,-105.117,S,-1,-1
1992,"F",91,40.609,-105.169,S,-1,-1
1993,"C",41,40.4921,-105.038,S,-1,-1
1994,"A",64,40.6156,-105.049,S,-1,-1
1995,"A",50,40.6092,-105.04,S,-1,-1
1996,"C",95,40.5269,-105.013,S,-1,-1
1997,"F",27,40.6015,-105.094,S,-1,-1
1998,"D",4,40.5346,-105.13,S,-1,-1
1999,"A",99,40.6462,-105.077,S,-1,-1
2000,"B",65,40.5672,-105.01,S,-1,-1
2001,"B",67,40.5706,-104.994,S,-1,-1
2002,"D",17,40.5506,-105.092,S,-1,-1
2003,"C",65,40.4923,-105.008,S,-1,-1
2004,"D",63,40.5061,-105.107,S,-1,-1
2005,"D",47,40.509,-105.119,S,-1,-1
2006,"B",3,40.5189,-104.981,S,-1,-1
2007,"D",63,40.4991,-105.11,S,-1,-1
2008,"D",18,40.502,-105.167,S,-1,-1
2009,"C",98,40.5404,-105.037,S,-1,-1
2010,"D",14,40.5446,-105.102,S,-1,-1
2011,"D",3,40.5386,-105.123,S,-1,-1
2012,"C",92,40.5387,-105.04,S,-1,-1
2013,"A",66,40.6198,-105.048,S,-1,-1
2014,"E",8,40.5786,-105.131,S,-1,-1
2015,"D",36,40.4958,-105.145,S,-1,-1
2016,"C",43,40.4835,-105.031,S,-1,-1
2017,"B",25,40.5365,-104.969,S,-1,-1
2018,"F",8,40.5868,-105.081,S,-1,-1
2019,"D",30,40.5245,-105.12,S,-1,-1
2020,"C",78,40.5318,-105.04,S,-1,-1
2021,"C",8,40.4855,-105.07,S,-1,-1
2022,"B",41,40.5563,-105.039,S,-1,-1
2023,"A",52,40.6314,-105.026,S,-1,-1
2024,"C",7,40.5264,-105.075,S,-1,-1
2025,"E",9,40.5908,-105.168,S,-1,-1
2026,"E",58,40.555,-105.143,S,-1,-1
2027,"B",93,40.5892,-104.996,S,-1,-1
2028,"E",50,40.5592,-105.112,S,-1,-1
2029,"B",14,40.5339,-104.996,S,-1,-1
2030,"E",19,40.5712,-105.124,S,-1,-1
2031,"F",12,40.6002,-105.084,S,-1,-1
2032,"B",3,40.5328,-105.015,S,-1,-1
2033,"F",31,40.6441,-105.115,S,-1,-1
2034,"D",96,40.5056,-105.081,S,-1,-1
2035,"E",66,40.5495,-105.156,S,-1,-1
2036,"F",33,40.6124,-105.103,S,-1,-1
2037,"A",75,40.5717,-105.074,S,-1,-1
2038,"F",25,40.6303,-105.102,S,-1,-1
2039,"E",24,40.5775,-105.164,S,-1,-1
2040,"F",27,40.6397,-105.108,S,-1,-1
2041,"D",12,40.5521,-105.09,S,-1,-1
2042,"E",79,40.5502,-105.115,S,-1,-1
2043,"C",61,40.5072,-105.027,S,-1,-1
2044,"E",56,40.5578,-105.112,S,-1,-1
2045,"C",36,40.4814,-105.038,S,-1,-1
2046,"E",33,40.5672,-105.134,S,-1,-1
2047,"D",55,40.4864,-105.128,S,-1,-1
2048,"D",79,40.51,-105.093,S,-1,-1
2049,"A",38,40.5809,-105.056,S,-1,-1
2050,"A",32,40.6184,-105.01,S,-1,-1
2051,"C",62,40.5078,-105.027,S,-1,-1
2052,"E",63,40.5508,-105.159,S,-1,-1
2053,"E",72,40.55,-105.13,S,-1,-1
2054,"B",59,40.5619,-105.038,S,-1,-1
2055,"A",83,40.616,-105.064,S,-1,-1
2056,"A",8,40.6101,-104.981,S,-1,-1
2057,"E",55,40.5558,-105.167,S,-1,-1
2058,"E",86,40.5466,-105.12,S,-1,-1
2059,"A",24,40.6016,-105.021,S,-1,-1
2060,"A",73,40.6221,-105.054,S,-1,-1
2061,"C",96,40.5153,-104.988,S,-1,-1
2062,"A",62,40.6365,-105.036,S,-1,-1
2063,"E",61,40.5509,-105.173,S,-1,-1
2064,"A",1,40.5977,-104.991,S,-1,-1
2065,"A",39,40.6066,-105.031,S,-1,-1
2066,"D",98,40.4827,-105.08,S,-1,-1
2067,"C",23,40.5142,-105.064,S,-1,-1
2068,"C",84,40.5112,-105.002,S,-1,-1
2069,"B",90,40.5636,-105.065,S,-1,-1
2070,"D",91,40.5002,-105.086,S,-1,-1
2071,"B",37,40.5528,-105.02,S,-1,-1
2072,"D",83,40.5309,-105.085,S,-1,-1
2073,"D",78,40.5153,-105.091,S,-1,-1
2074,"F",19,40.6269,-105.095,S,-1,-1
2075,"C",1,40.4771,-105.078,S,-1,-1
2076,"B",78,40.5713,-105.026,S,-1,-1
2077,"B",28,40.5417,-104.982,S,-1,-1
2078,"F",63,40.6286,-105.149,S,-1,-1
2079,"B",10,40.5391,-105.02,S,-1,-1
2080,"F",36,40.621,-105.109,S,-1,-1
2081,"E",74,40.5397,-105.18,S,-1,-1
2082,"E",3,40.5858,-105.142,S,-1,-1
2083,"E",51,40.5588,-105.18,S,-1,-1
2084,"C",84,40.5082,-104.997,S,-1,-1
2085,"F",36,40.6389,-105.119,S,-1,-1
2086,"D",79,40.4752,-105.103,S,-1,-1
2087,"D",56,40.4956,-105.119,S,-1,-1
2088,"B",35,40.5448,-104.966,S,-1,-1
2089,"D",29,40.5321,-105.111,S,-1,-1
2090,"A",98,40.5651,-105.078,S,-1,-1
2091,"F",65,40.6098,-105.132,S,-1,-1
2092,"C",90,40.5102,-104.991,S,-1,-1
2093,"A",76,40.6286,-105.054,S,-1,-1
2094,"C",88,40.5394,-105.044,S,-1,-1
2095,"A",60,40.5774,-105.067,S,-1,-1
2096,"F",79,40.5839,-105.113,S,-1,-1
2097,"B",47,40.5561,-104.982,S,-1,-1
2098,"E",13,40.5747,-105.127,S,-1,-1
2099,"E",34,40.5746,-105.193,S,-1,-1
2100,"E",48,40.5602,-105.143,S,-1,-1
2101,"D",72,40.5201,-105.094,S,-1,-1
2102,"A",83,40.5794,-105.073,S,-1,-1
2103,"A",48,40.6236,-105.026,S,-1,-1
2104,"B",8,40.5285,-104.995,S,-1,-1
2105,"C",91,40.5171,-105.001,S,-1,-1
2106,"A",73,40.6447,-105.046,S,-1,-1
2107,"B",29,40.5389,-104.964,S,-1,-1
2108,"C",67,40.4987,-105.012,S,-1,-1
2109,"D",79,40.5335,-105.086,S,-1,-1
2110,"C",60,40.5127,-105.034,S,-1,-1
2111,"B",17,40.5373,-105,S,-1,-1
2112,"A",75,40.618,-105.057,S,-1,-1
2113,"B",63,40.5629,-105.04,S,-1,-1
2114,"B",86,40.5681,-105.049,S,-1,-1
2115,"C",28,40.4824,-105.049,S,-1,-1
2116,"E",21,40.5698,-105.122,S,-1,-1
2117,"D",50,40.5119,-105.114,S,-1,-1
2118,"C",23,40.5091,-105.063,S,-1,-1
2119,"B",24,40.5354,-104.969,S,-1,-1
2120,"D",46,40.5476,-105.088,S,-1,-1
2121,"B",46,40.5573,-105.027,S,-1,-1
2122,"F",51,40.6283,-105.131,S,-1,-1
2123,"B",38,40.5579,-105.066,S,-1,-1
2124,"D",61,40.4936,-105.116,S,-1,-1
2125,"E",10,40.5818,-105.143,S,-1,-1
2126,"C",99,40.52,-104.992,S,-1,-1
2127,"B",10,40.5291,-104.992,S,-1,-1
2128,"F",44,40.6168,-105.116,S,-1,-1
2129,"E",18,40.5734,-105.13,S,-1,-1
2130,"B",68,40.5673,-105.022,S,-1,-1
2131,"E",28,40.5678,-105.125,S,-1,-1
2132,"E",64,40.5495,-105.164,S,-1,-1
2133,"C",18,40.4745,-105.058,S,-1,-1
2134,"F",38,40.6038,-105.102,S,-1,-1
2135,"D",33,40.527,-105.114,S,-1,-1
2136,"F",96,40.5846,-105.131,S,-1,-1
2137,"A",82,40.5924,-105.07,S,-1,-1
2138,"D",5,40.5199,-105.159,S,-1,-1
2139,"A",25,40.609,-105.012,S,-1,-1
2140,"F",41,40.6147,-105.111,S,-1,-1
2141,"C",9,40.5357,-105.075,S,-1,-1
2142,"F",5,40.6384,-105.082,S,-1,-1
2143,"A",48,40.6017,-105.044,S,-1,-1
2144,"E",35,40.5693,-105.158,S,-1,-1
2145,"F",24,40.628,-105.101,S,-1,-1
2146,"E",78,40.537,-105.175,S,-1,-1
2147,"F",64,40.6058,-105.126,S,-1,-1
2148,"B",58,40.5663,-104.969,S,-1,-1
2149,"A",16,40.5821,-105.041,S,-1,-1
2150,"F",68,40.5798,-105.102,S,-1,-1
2151,"B",58,40.5658,-104.971,S,-1,-1
2152,"C",6,40.5319,-105.076,S,-1,-1
2153,"B",53,40.5607,-104.99,S,-1,-1
2154,"A",47,40.6354,-105.015,S,-1,-1
2155,"E",87,40.5506,-105.106,S,-1,-1
2156,"A",4,40.6044,-104.983,S,-1,-1
2157,"D",22,40.5084,-105.151,S,-1,-1
2158,"B",69,40.5746,-104.974,S,-1,-1
2159,"F",11,40.6114,-105.085,S,-1,-1
2160,"E",59,40.5555,-105.132,S,-1,-1
2161,"C",46,40.4929,-105.033,S,-1,-1
2162,"B",46,40.5559,-104.984,S,-1,-1
2163,"D",76,40.4969,-105.099,S,-1,-1
2164,"E",84,40.5336,-105.167,S,-1,-1
2165,"C",68,40.5105,-105.024,S,-1,-1
2166,"C",32,40.4891,-105.046,S,-1,-1
2167,"F",74,40.5799,-105.104,S,-1,-1
2168,"B",27,40.5378,-104.967,S,-1,-1
2169,"A",31,40.6132,-105.015,S,-1,-1
2170,"F",11,40.6086,-105.085,S,-1,-1
2171,"D",31,40.5315,-105.111,S,-1,-1
2172,"D",41,40.5048,-105.129,S,-1,-1
2173,"E",15,40.5887,-105.178,S,-1,-1
2174,"F",18,40.6142,-105.091,S,-1,-1
2175,"A",97,40.5812,-105.077,S,-1,-1
2176,"A",49,40.6192,-105.031,S,-1,-1
2177,"F",12,40.6289,-105.089,S,-1,-1
2178,"B",84,40.5766,-105.016,S,-1,-1
2179,"C",60,40.5246,-105.045,S,-1,-1
2180,"C",9,40.5176,-105.073,S,-1,-1
2181,"C",30,40.4872,-105.048,S,-1,-1
2182,"C",74,40.5484,-105.064,S,-1,-1
2183,"D",8,40.5141,-105.165,S,-1,-1
2184,"C",46,40.4959,-105.035,S,-1,-1
2185,"B",56,40.5625,-105.004,S,-1,-1
2186,"E",35,40.5705,-105.168,S,-1,-1
2187,"C",91,40.5165,-104.999,S,-1,-1
2188,"E",72,40.5432,-105.17,S,-1,-1
2189,"F",38,40.5995,-105.1,S,-1,-1
2190,"C",42,40.5008,-105.043,S,-1,-1
2191,"A",70,40.5864,-105.066,S,-1,-1
2192,"B",53,40.5605,-105.009,S,-1,-1
2193,"C",9,40.4821,-105.069,S,-1,-1
2194,"E",46,40.5628,-105.185,S,-1,-1
2195,"C",86,40.5122,-105,S,-1,-1
2196,"F",31,40.641,-105.114,S,-1,-1
2197,"C",70,40.5215,-105.034,S,-1,-1
2198,"D",73,40.4783,-105.109,S,-1,-1
2199,"E",70,40.5423,-105.181,S,-1,-1
2200,"A",5,40.5862,-105.022,S,-1,-1
2201,"F",13,40.6052,-105.086,S,-1,-1
2202,"A",26,40.5989,-105.026,S,-1,-1
2203,"F",80,40.6164,-105.162,S,-1,-1
2204,"E",71,40.5478,-105.146,S,-1,-1
2205,"E",39,40.5677,-105.173,S,-1,-1
2206,"F",31,40.6265,-105.107,S,-1,-1
2207,"F",37,40.641,-105.121,S,-1,-1
2208,"D",44,40.5205,-105.112,S,-1,-1
2209,"E",10,40.5925,-105.173,S,-1,-1
2210,"D",97,40.4755,-105.081,S,-1,-1
2211,"F",46,40.6225,-105.12,S,-1,-1
2212,"A",66,40.5943,-105.061,S,-1,-1
2213,"A",65,40.6323,-105.04,S,-1,-1
2214,"B",94,40.574,-105.039,S,-1,-1
2215,"A",72,40.6453,-105.044,S,-1,-1
2216,"E",48,40.5611,-105.187,S,-1,-1
2217,"D",93,40.4982,-105.084,S,-1,-1
2218,"D",98,40.4895,-105.079,S,-1,-1
2219,"B",98,40.5919,-105,S,-1,-1
2220,"C",37,40.4918,-105.042,S,-1,-1
2221,"D",75,40.4866,-105.104,S,-1,-1
2222,"D",53,40.5199,-105.106,S,-1,-1
2223,"A",58,40.6252,-105.037,S,-1,-1
2224,"F",52,40.629,-105.134,S,-1,-1
2225,"B",53,40.5598,-105.05,S,-1,-1
2226,"D",45,40.4848,-105.142,S,-1,-1
2227,"B",82,40.5684,-105.043,S,-1,-1
2228,"B",47,40.556,-104.961,S,-1,-1
2229,"A",2,40.5971,-104.994,S,-1,-1
2230,"F",61,40.5884,-105.106,S,-1,-1
2231,"D",67,40.4745,-105.118,S,-1,-1
2232,"C",83,40.5168,-105.012,S,-1,-1
2233,"C",3,40.5321,-105.077,S,-1,-1
2234,"D",79,40.5177,-105.091,S,-1,-1
2235,"C",57,40.4918,-105.018,S,-1,-1
2236,"C",33,40.5408,-105.07,S,-1,-1
2237,"B",68,40.574,-104.974,S,-1,-1
2238,"B",66,40.5677,-105.012,S,-1,-1
2239,"C",50,40.4913,-105.028,S,-1,-1
2240,"D",20,40.5319,-105.118,S,-1,-1
2241,"C",73,40.5092,-105.016,S,-1,-1
2242,"F",33,40.6303,-105.111,S,-1,-1
2243,"F",23,40.6284,-105.1,S,-1,-1
2244,"C",30,40.5249,-105.064,S,-1,-1
2245,"D",37,40.4962,-105.142,S,-1,-1
2246,"A",33,40.5977,-105.035,S,-1,-1
2247,"C",80,40.5198,-105.02,S,-1,-1
2248,"F",28,40.5984,-105.093,S,-1,-1
2249,"A",55,40.6189,-105.038,S,-1,-1
2250,"A",28,40.582,-105.05,S,-1,-1
2251,"F",47,40.6244,-105.124,S,-1,-1
2252,"A",45,40.6296,-105.017,S,-1,-1
2253,"C",30,40.4829,-105.046,S,-1,-1
2254,"A",25,40.6141,-105.005,S,-1,-1
2255,"C",54,40.5035,-105.033,S,-1,-1
2256,"E",59,40.5521,-105.182,S,-1,-1
2257,"E",94,40.5346,-105.144,S,-1,-1
2258,"E",82,40.5341,-105.172,S,-1,-1
2259,"A",48,40.6148,-105.033,S,-1,-1
2260,"C",41,40.4979,-105.041,S,-1,-1
2261,"B",59,40.5648,-104.999,S,-1,-1
2262,"F",17,40.6249,-105.093,S,-1,-1
2263,"B",83,40.5874,-104.975,S,-1,-1
2264,"B",3,40.527,-105.002,S,-1,-1
2265,"F",81,40.6002,-105.139,S,-1,-1
2266,"E",54,40.556,-105.179,S,-1,-1
2267,"C",98,40.5289,-105.013,S,-1,-1
2268,"B",65,40.569,-104.993,S,-1,-1
2269,"D",43,40.4878,-105.142,S,-1,-1
2270,"D",57,40.4962,-105.118,S,-1,-1
2271,"B",30,40.5416,-104.975,S,-1,-1
2272,"C",71,40.5127,-105.022,S,-1,-1
2273,"D",60,40.4809,-105.124,S,-1,-1
2274,"E",35,40.5617,-105.098,S,-1,-1
2275,"A",91,40.6466,-105.067,S,-1,-1
2276,"C",40,40.5075,-105.048,S,-1,-1
2277,"C",6,40.4768,-105.072,S,-1,-1
2278,"C",37,40.5304,-105.063,S,-1,-1
2279,"D",30,40.5365,-105.105,S,-1,-1
2280,"D",87,40.5263,-105.084,S,-1,-1
2281,"A",10,40.5968,-105.008,S,-1,-1
2282,"D",38,40.4996,-105.139,S,-1,-1
2283,"C",58,40.5,-105.025,S,-1,-1
2284,"A",21,40.5966,-105.023,S,-1,-1
2285,"D",91,40.5177,-105.083,S,-1,-1
2286,"D",47,40.5171,-105.112,S,-1,-1
2287,"E",31,40.5734,-105.167,S,-1,-1
2288,"E",32,40.5748,-105.182,S,-1,-1
2289,"E",79,40.5531,-105.103,S,-1,-1
2290,"E",66,40.5456,-105.183,S,-1,-1
2291,"C",12,40.5049,-105.069,S,-1,-1
2292,"C",82,40.517,-105.014,S,-1,-1
2293,"E",51,40.5585,-105.177,S,-1,-1
2294,"C",45,40.5061,-105.043,S,-1,-1
2295,"C",80,40.4993,-104.991,S,-1,-1
2296,"A",87,40.5946,-105.072,S,-1,-1
2297,"E",46,40.5615,-105.14,S,-1,-1
2298,"E",48,40.5615,-105.184,S,-1,-1
2299,"C",64,40.4893,-105.005,S,-1,-1
2300,"C",50,40.5178,-105.047,S,-1,-1
2301,"E",68,40.5444,-105.179,S,-1,-1
2302,"A",57,40.6036,-105.049,S,-1,-1
2303,"E",36,40.5702,-105.17,S,-1,-1
2304,"A",84,40.5831,-105.073,S,-1,-1
2305,"A",97,40.6036,-105.076,S,-1,-1
2306,"A",69,40.583,-105.067,S,-1,-1
2307,"A",62,40.6334,-105.037,S,-1,-1
2308,"A",25,40.6013,-105.022,S,-1,-1
2309,"C",73,40.5431,-105.058,S,-1,-1
2310,"A",21,40.6099,-105.004,S,-1,-1
2311,"E",95,40.5289,-105.157,S,-1,-1
2312,"A",12,40.5965,-105.012,S,-1,-1
2313,"E",37,40.5688,-105.168,S,-1,-1
2314,"E",77,40.5421,-105.156,S,-1,-1
2315,"A",17,40.582,-105.042,S,-1,-1
2316,"E",21,40.5724,-105.131,S,-1,-1
2317,"A",74,40.6219,-105.055,S,-1,-1
2318,"E",92,40.521,-105.183,S,-1,-1
2319,"E",45,40.5627,-105.159,S,-1,-1
2320,"C",30,40.5159,-105.06,S,-1,-1
2321,"C",63,40.4969,-105.015,S,-1,-1
2322,"C",54,40.5473,-105.068,S,-1,-1
2323,"C",45,40.5185,-105.051,S,-1,-1
2324,"A",87,40.6181,-105.068,S,-1,-1
2325,"C",46,40.5053,-105.042,S,-1,-1
2326,"E",93,40.5588,-105.079,S,-1,-1
2327,"E",16,40.5751,-105.134,S,-1,-1
2328,"E",60,40.5501,-105.191,S,-1,-1
2329,"E",71,40.5447,-105.164,S,-1,-1
2330,"E",96,40.5194,-105.179,S,-1,-1
2331,"A",43,40.6276,-105.016,S,-1,-1
2332,"A",19,40.579,-105.048,S,-1,-1
2333,"E",62,40.5544,-105.129,S,-1,-1
2334,"E",24,40.5825,-105.186,S,-1,-1
2335,"E",9,40.5833,-105.145,S,-1,-1
2336,"E",12,40.5933,-105.181,S,-1,-1
2337,"E",43,40.5661,-105.193,S,-1,-1
2338,"E",38,40.5705,-105.195,S,-1,-1
2339,"A",69,40.6302,-105.046,S,-1,-1
2340,"A",7,40.5945,-105.009,S,-1,-1
2341,"E",64,40.5536,-105.129,S,-1,-1
2342,"E",73,40.5484,-105.136,S,-1,-1
2343,"E",78,40.5357,-105.182,S,-1,-1
2344,"E",43,40.5646,-105.166,S,-1,-1
2345,"A",75,40.5865,-105.068,S,-1,-1
2346,"A",52,40.5639,-105.075,S,-1,-1
2347,"E",93,40.5214,-105.181,S,-1,-1
2348,"E",92,40.5369,-105.14,S,-1,-1
2349,"A",78,40.5993,-105.066,S,-1,-1
2350,"E",74,40.5488,-105.132,S,-1,-1
2351,"E",65,40.5479,-105.174,S,-1,-1
2352,"E",2,40.588,-105.146,S,-1,-1
2353,"A",92,40.597,-105.074,S,-1,-1
2354,"A",54,40.5708,-105.07,S,-1,-1
2355,"A",49,40.5845,-105.058,S,-1,-1
2356,"A",5,40.5884,-105.017,S,-1,-1
2357,"A",36,40.6148,-105.019,S,-1,-1
2358,"E",17,40.572,-105.124,S,-1,-1
2359,"E",93,40.5428,-105.122,S,-1,-1
2360,"A",56,40.6051,-105.047,S,-1,-1
2361,"A",71,40.6073,-105.058,S,-1,-1
2362,"A",36,40.6121,-105.022,S,-1,-1
2363,"A",88,40.6253,-105.067,S,-1,-1
2364,"A",28,40.6196,-105.002,S,-1,-1
2365,"A",4,40.5979,-104.997,S,-1,-1
2366,"A",49,40.581,-105.061,S,-1,-1
2367,"A",69,40.6133,-105.054,S,-1,-1
2368,"E",98,40.5252,-105.16,S,-1,-1
2369,"E",53,40.5572,-105.176,S,-1,-1
2370,"E",70,40.5556,-105.101,S,-1,-1
2371,"E",39,40.565,-105.144,S,-1,-1
2372,"A",83,40.639,-105.059,S,-1,-1
2373,"A",86,40.6463,-105.061,S,-1,-1
2374,"E",44,40.564,-105.176,S,-1,-1
2375,"A",12,40.5917,-105.02,S,-1,-1
2376,"E",52,40.5573,-105.186,S,-1,-1
2377,"E",9,40.5796,-105.136,S,-1,-1
2378,"A",74,40.6452,-105.046,S,-1,-1
2379,"A",53,40.6085,-105.043,S,-1,-1
2380,"E",57,40.555,-105.158,S,-1,-1
2381,"E",56,40.5579,-105.105,S,-1,-1
2382,"E",25,40.5755,-105.154,S,-1,-1
2383,"A",92,40.636,-105.07,S,-1,-1
2384,"A",36,40.6185,-105.016,S,-1,-1
2385,"A",89,40.6348,-105.066,S,-1,-1
2386,"A",27,40.5829,-105.048,S,-1,-1
2387,"A",45,40.6061,-105.038,S,-1,-1
2388,"A",98,40.648,-105.076,S,-1,-1
2389,"A",50,40.5955,-105.05,S,-1,-1
2390,"A",100,40.5986,-105.078,S,-1,-1
2391,"A",96,40.5775,-105.077,S,-1,-1
2392,"A",88,40.6278,-105.067,S,-1,-1
2393,"A",52,40.6167,-105.036,S,-1,-1
2394,"A",7,40.5768,-105.044,S,-1,-1
2395,"A",5,40.6066,-104.98,S,-1,-1
2396,"A",91,40.6286,-105.069,S,-1,-1
2397,"A",99,40.6039,-105.077,S,-1,-1
2398,"A",15,40.6123,-104.99,S,-1,-1
2399,"A",23,40.615,-105.001,S,-1,-1
2400,"A",20,40.5698,-105.062,S,-1,-1
2401,"G",50,40.5592,-105.078,L,-1,-1
